time_bounds,pr,tas,sfcWind,psl,rldscs
2015-01,0.000127,299.58,4.27077,101091.67,398.35
2015-02,2.2e-05,298.79,4.19198,101275.45,388.6
2015-03,7.5e-05,298.9,4.83709,101618.95,384.9
2015-04,6e-06,297.99,4.19262,101611.01,371.99
2015-05,3e-06,295.69,4.0075,101549.91,358.18
2015-06,7e-06,294.85,3.70593,102021.35,346.64
2015-07,4e-06,292.14,4.41428,101946.4,332.11
2015-08,5e-06,292.59,5.06624,101816.83,350.62
2015-09,0.000132,294.19,4.88948,101726.74,353.92
2015-10,3.1e-05,295.82,5.26961,101394.38,352.32
2015-11,6.6e-05,295.47,5.18064,101310.44,365.0
2015-12,0.000112,297.67,4.55511,101301.24,397.81
2016-01,8.5e-05,298.4,4.20719,101301.79,398.12
2016-02,2.2e-05,299.41,4.08704,101428.24,391.77
2016-03,3.3e-05,298.0,4.44046,101555.38,391.27
2016-04,3e-06,297.23,3.9535,101820.41,372.52
2016-05,2.4e-05,296.92,4.30329,101975.57,363.4
2016-06,7e-06,295.57,4.15955,101863.88,348.35
2016-07,1.1e-05,295.87,4.47642,102044.52,341.63
2016-08,3e-06,295.29,4.87139,101736.37,328.93
2016-09,9e-06,294.19,5.71455,101682.06,343.69
2016-10,2.3e-05,296.64,5.31895,101635.72,358.01
2016-11,7.8e-05,296.09,4.91496,101391.16,379.1
2016-12,4.6e-05,298.08,4.68962,101428.2,389.77
2017-01,7e-06,300.67,5.06649,101219.6,393.83
2017-02,7.8e-05,300.59,3.62826,101156.41,392.76
2017-03,5.1e-05,298.97,4.64768,101274.8,395.73
2017-04,1.7e-05,298.96,4.68352,101769.4,368.12
2017-05,2.2e-05,297.71,4.31562,101748.27,364.11
2017-06,7e-06,295.04,4.45124,102058.76,343.47
2017-07,2e-05,294.86,4.80456,101983.71,339.7
2017-08,3.8e-05,294.5,5.43567,102000.57,341.07
2017-09,3.5e-05,294.34,5.35772,102030.49,339.58
2017-10,6.6e-05,293.68,5.69962,101643.38,361.0
2017-11,1e-06,296.73,4.77486,101509.44,364.81
2017-12,4.9e-05,297.27,5.15408,101180.42,397.36
2018-01,0.0001,298.89,4.47377,101273.49,390.88
2018-02,2.1e-05,299.46,4.80358,101114.14,398.05
2018-03,0.00012,298.09,4.47898,101332.4,391.07
2018-04,1.9e-05,296.3,4.14332,101805.63,376.77
2018-05,1.1e-05,295.93,4.18239,102009.08,358.6
2018-06,1.2e-05,296.28,4.12019,101982.58,363.77
2018-07,3.7e-05,295.05,4.6612,101817.51,352.07
2018-08,3e-06,294.12,4.99325,101765.89,338.14
2018-09,1e-05,295.57,5.21076,101901.55,342.38
2018-10,0.000101,295.54,5.14706,101843.32,360.5
2018-11,5.2e-05,296.78,5.59418,101216.42,376.78
2018-12,1e-05,298.37,4.91816,101233.76,392.81
2019-01,1.2e-05,299.84,5.60266,101118.83,390.48
2019-02,3.1e-05,300.34,4.53439,101122.13,405.48
2019-03,5.1e-05,298.43,3.95582,101209.67,403.84
2019-04,1.5e-05,297.95,4.82751,101787.05,383.83
2019-05,9e-06,296.28,4.74564,101890.52,366.3
2019-06,6e-06,293.98,4.98711,101908.88,351.51
2019-07,4e-06,293.51,4.54727,102065.26,344.9
2019-08,3e-06,293.77,5.67994,101617.92,334.12
2019-09,2.5e-05,295.03,5.45075,101602.47,346.88
2019-10,9e-06,296.34,5.14642,101470.95,375.21
2019-11,2.7e-05,298.62,5.08853,101456.69,380.42
2019-12,3.3e-05,298.24,4.82703,101419.93,372.4
2020-01,1.4e-05,300.73,4.66695,101347.0,387.24
2020-02,6.6e-05,300.07,3.78972,101308.83,398.07
2020-03,1.8e-05,297.62,5.08387,101613.07,383.2
2020-04,2.6e-05,296.86,4.33591,101550.29,381.22
2020-05,4e-06,296.58,4.42509,102068.84,357.83
2020-06,1e-06,294.61,4.81449,101979.98,351.5
2020-07,8e-06,293.71,4.58594,102298.65,333.51
2020-08,2e-05,293.31,5.29807,101858.04,346.89
2020-09,8.3e-05,297.83,5.33235,101693.75,348.62
2020-10,1.8e-05,297.53,5.83544,101387.38,351.54
2020-11,4.9e-05,298.03,5.29597,101471.5,387.03
2020-12,1.4e-05,298.8,5.03734,101203.02,375.23
2021-01,2.6e-05,297.79,5.17483,101167.42,395.1
2021-02,8.9e-05,300.08,4.87239,101142.84,406.17
2021-03,7e-06,299.37,4.10726,101402.68,391.75
2021-04,9.1e-05,298.82,4.17832,101731.76,384.34
2021-05,1e-06,297.45,4.3207,101939.02,365.77
2021-06,5e-06,296.63,4.35918,102058.03,359.23
2021-07,0.0,294.85,4.64232,101838.7,347.63
2021-08,2.1e-05,294.47,5.21574,101615.16,348.0
2021-09,1.4e-05,295.83,5.77426,101578.39,344.4
2021-10,1.7e-05,295.26,5.42303,101497.44,361.29
2021-11,8.9e-05,297.81,4.57705,101499.23,380.78
2021-12,5.5e-05,297.44,4.62774,101355.46,393.08
2022-01,9e-06,300.49,3.76388,101305.68,397.38
2022-02,0.0,300.35,4.39601,101219.72,396.09
2022-03,3.6e-05,298.75,4.41882,101536.46,384.82
2022-04,1.3e-05,298.42,4.57716,101659.54,379.67
2022-05,9e-06,298.25,4.19306,101736.75,368.24
2022-06,5e-06,296.08,4.76692,101912.03,349.25
2022-07,1e-06,295.44,5.11226,101910.56,350.73
2022-08,2e-05,294.17,4.94845,102059.41,344.34
2022-09,5e-06,296.19,4.72901,101501.14,343.33
2022-10,2e-05,297.9,5.00791,101484.79,369.28
2022-11,4.7e-05,298.56,5.76956,101256.31,376.36
2022-12,0.000137,299.97,4.82288,101178.56,374.13
2023-01,5.6e-05,298.3,5.19483,101051.02,398.82
2023-02,3.1e-05,299.71,5.08094,101108.81,398.26
2023-03,5e-05,299.7,4.09095,101408.23,395.48
2023-04,2e-05,298.31,4.7057,101490.41,375.54
2023-05,8e-06,297.04,4.21467,101770.3,356.46
2023-06,4e-06,296.92,4.02951,101645.38,339.43
2023-07,3e-06,294.7,4.36323,101869.71,338.98
2023-08,1.1e-05,294.21,5.00729,101850.84,332.46
2023-09,2.7e-05,295.55,5.4265,101733.31,338.93
2023-10,5.6e-05,295.91,5.60056,101698.68,353.58
2023-11,3.6e-05,298.64,5.2192,101720.29,371.1
2023-12,3.4e-05,297.75,5.61517,101405.55,373.33
2024-01,4.9e-05,299.2,5.07271,101414.77,392.25
2024-02,1.7e-05,298.61,5.20246,101277.38,402.33
2024-03,7.1e-05,298.1,4.76343,101474.45,393.7
2024-04,2.9e-05,297.11,4.61362,101734.09,381.03
2024-05,2e-06,296.92,4.68062,102038.83,369.92
2024-06,6e-06,295.27,4.69345,101875.58,352.65
2024-07,2e-06,293.82,4.90804,102042.58,331.27
2024-08,1e-06,294.29,5.1232,101636.83,341.38
2024-09,9e-06,293.78,5.9045,101661.86,363.5
2024-10,3.5e-05,295.01,5.81393,101558.6,364.62
2024-11,5.9e-05,296.94,5.10922,101720.18,378.65
2024-12,0.000124,300.14,4.80475,101175.49,392.23
2025-01,3.2e-05,300.64,4.80114,101155.32,400.2
2025-02,5e-05,300.62,4.62793,101088.96,402.64
2025-03,6e-06,300.23,4.41946,101267.52,392.78
2025-04,6e-06,298.1,4.95613,101590.3,382.47
2025-05,3e-06,298.04,4.62931,102144.68,368.33
2025-06,7e-06,295.18,4.71779,101996.45,353.69
2025-07,4.1e-05,293.41,5.12855,101946.03,347.48
2025-08,2e-06,294.56,4.72942,102076.31,349.53
2025-09,1.3e-05,296.55,6.0295,101503.65,349.58
2025-10,7.5e-05,295.92,5.39967,101428.29,373.52
2025-11,3.9e-05,296.29,5.52257,101672.99,376.81
2025-12,4.2e-05,299.16,4.91987,101018.14,380.89
2026-01,5.8e-05,299.12,4.72178,101119.66,394.89
2026-02,3.2e-05,298.47,4.98641,101232.41,393.4
2026-03,6.2e-05,298.25,4.97603,101319.84,401.5
2026-04,5.6e-05,298.31,4.64236,101804.71,389.02
2026-05,8e-06,296.49,5.06282,101843.13,361.01
2026-06,1e-06,296.87,3.98206,101724.27,347.99
2026-07,5e-06,294.48,4.7606,101583.51,352.6
2026-08,2.5e-05,294.57,5.36272,102112.98,349.94
2026-09,1.6e-05,295.47,5.40766,101532.3,364.93
2026-10,9e-06,299.01,5.33959,101247.42,372.17
2026-11,8.8e-05,296.76,5.65566,101388.87,380.02
2026-12,6.4e-05,297.98,5.00664,101456.05,396.89
2027-01,4e-05,300.09,4.43096,101260.72,403.35
2027-02,0.000107,300.18,5.46445,101387.71,400.32
2027-03,6.3e-05,297.98,4.38256,101555.73,397.24
2027-04,0.000113,298.36,4.18164,101868.55,390.02
2027-05,1.3e-05,296.99,4.40895,102108.23,365.6
2027-06,3e-06,296.84,5.09884,101838.65,339.34
2027-07,6e-06,294.21,4.52443,101824.6,346.1
2027-08,2e-06,295.82,5.86142,101982.74,346.77
2027-09,2e-06,295.32,6.34533,101455.41,364.71
2027-10,5e-06,296.85,6.05946,101495.02,390.88
2027-11,0.000129,295.52,5.70096,101309.0,392.27
2027-12,0.000161,297.87,5.29774,101067.96,400.15
2028-01,4.4e-05,299.56,4.89315,101244.77,398.32
2028-02,2.7e-05,299.41,4.91601,101339.61,397.46
2028-03,8.7e-05,298.61,5.1435,101484.07,398.98
2028-04,4.1e-05,297.6,4.29645,101632.76,383.11
2028-05,1.1e-05,297.31,4.25124,101991.55,359.27
2028-06,4e-06,295.67,4.8083,102015.91,357.39
2028-07,6e-06,295.22,5.39737,102016.7,352.5
2028-08,5e-06,294.99,5.01272,101638.64,348.47
2028-09,3e-06,293.06,5.46466,101620.79,358.33
2028-10,8e-06,296.44,6.48986,101337.63,364.64
2028-11,1.6e-05,297.44,5.18182,101429.62,378.73
2028-12,0.0,298.12,5.7214,101232.41,386.81
2029-01,6.6e-05,299.46,4.7723,101272.03,399.03
2029-02,0.000138,300.25,4.3707,101430.34,398.51
2029-03,2.1e-05,299.13,5.2576,101208.16,384.95
2029-04,2e-05,297.88,5.27526,101608.55,369.56
2029-05,6e-06,296.22,4.8679,101788.23,362.03
2029-06,2.5e-05,295.7,4.44438,102198.48,351.68
2029-07,2.7e-05,292.3,5.21598,101909.32,333.82
2029-08,1.6e-05,294.25,5.81214,102084.66,331.7
2029-09,1.4e-05,293.89,5.71035,101794.91,347.58
2029-10,5e-05,297.45,5.56563,101611.81,370.81
2029-11,0.000138,297.26,5.62195,101451.92,374.19
2029-12,0.0,299.55,4.79325,101428.09,394.16
2030-01,4.1e-05,301.37,5.45678,101272.32,397.22
2030-02,1.2e-05,299.56,5.2527,101258.44,400.46
2030-03,3.1e-05,299.5,5.62955,101307.39,392.64
2030-04,4e-06,299.56,5.45096,101746.56,382.65
2030-05,1e-06,297.74,5.0718,101624.18,361.45
2030-06,5e-06,295.17,5.72088,101678.35,353.84
2030-07,1e-06,294.83,5.51284,102081.74,346.93
2030-08,2.2e-05,294.49,6.40495,101808.51,350.23
2030-09,6.3e-05,294.76,6.05282,101686.66,359.55
2030-10,5e-06,296.65,5.48462,101487.01,376.04
2030-11,6.3e-05,299.31,5.98512,101086.34,376.57
2030-12,7.6e-05,299.13,4.93999,101308.16,386.24
2031-01,8.7e-05,300.5,5.23272,101178.9,393.81
2031-02,3.6e-05,300.62,4.96351,101436.77,408.13
2031-03,7.6e-05,299.49,4.97515,101592.01,399.48
2031-04,4.3e-05,298.45,4.89617,101730.66,380.23
2031-05,1.3e-05,297.73,4.91929,101822.8,362.45
2031-06,0.0,296.17,4.95679,101962.38,355.44
2031-07,2.6e-05,295.08,5.70611,101910.82,338.98
2031-08,6e-06,294.13,4.1626,101789.04,347.75
2031-09,9e-06,296.62,5.50472,101610.54,361.31
2031-10,4.4e-05,297.43,5.83356,101527.77,369.14
2031-11,6.8e-05,299.6,6.25897,101349.66,375.44
2031-12,5.7e-05,296.55,5.90022,101454.7,397.24
2032-01,1.9e-05,300.97,4.91211,101212.12,400.73
2032-02,7.3e-05,299.65,4.53116,101565.69,397.52
2032-03,3.5e-05,298.48,4.54726,101676.18,391.4
2032-04,1.4e-05,298.95,4.47954,101852.51,377.45
2032-05,1.3e-05,296.26,5.21214,101871.83,360.38
2032-06,6e-06,294.69,4.62862,102076.08,341.55
2032-07,2e-06,294.61,5.37345,102204.34,331.82
2032-08,1.9e-05,294.61,5.24666,101726.12,344.39
2032-09,1.4e-05,293.69,6.20594,101501.45,357.03
2032-10,1.3e-05,296.91,6.2795,101364.48,369.07
2032-11,2e-05,296.67,6.02651,101044.66,389.37
2032-12,2e-05,299.38,4.86968,101173.73,399.56
2033-01,1.3e-05,299.99,4.90305,101384.6,386.43
2033-02,8e-06,299.53,5.07179,101119.34,397.97
2033-03,5.2e-05,300.2,4.93191,101407.25,395.75
2033-04,1.4e-05,299.82,4.79472,101523.26,374.36
2033-05,0.0,296.0,5.45182,101765.7,370.92
2033-06,1e-05,294.93,5.19687,102213.62,346.7
2033-07,7e-06,294.48,4.98412,101680.2,344.02
2033-08,3.3e-05,294.5,4.60156,101812.66,346.91
2033-09,5.6e-05,293.81,6.66173,101690.23,358.38
2033-10,9.5e-05,295.44,5.39279,101613.42,381.31
2033-11,0.000101,297.74,5.61407,101463.11,388.33
2033-12,0.000102,297.46,6.07561,101251.01,391.77
2034-01,4.3e-05,300.06,4.37298,101336.01,398.97
2034-02,0.000153,301.03,5.09681,101066.16,405.96
2034-03,8e-05,300.15,4.60582,101367.05,407.88
2034-04,5e-06,298.43,4.88749,102028.93,388.04
2034-05,8e-06,296.17,4.78611,101876.15,373.57
2034-06,4e-06,295.38,5.10523,102226.02,352.45
2034-07,4e-06,295.93,5.47352,102052.32,351.36
2034-08,5.7e-05,295.32,5.57368,101761.02,347.73
2034-09,1.9e-05,295.78,6.4963,101384.16,357.41
2034-10,1e-06,293.21,6.30481,101519.09,377.57
2034-11,3.4e-05,299.39,5.53765,101504.9,381.71
2034-12,6.6e-05,298.47,5.28346,101225.97,395.11
2035-01,3.6e-05,299.59,5.17721,101293.24,395.43
2035-02,8.7e-05,300.21,5.11467,101405.15,395.18
2035-03,1.5e-05,300.03,4.83086,101312.34,384.93
2035-04,2e-06,297.87,5.18888,101568.84,381.6
2035-05,4e-06,297.59,4.07637,101839.41,379.92
2035-06,5e-06,295.15,4.73056,101756.68,363.21
2035-07,1e-06,296.03,5.69881,101605.77,348.78
2035-08,2e-06,295.23,6.01,101457.96,343.68
2035-09,2.2e-05,297.09,6.13966,101220.3,362.42
2035-10,1.4e-05,299.05,7.19128,101539.64,388.11
2035-11,6.8e-05,299.39,5.87856,101437.56,384.61
2035-12,9.8e-05,299.26,4.84768,101335.38,396.26
2036-01,1.1e-05,300.64,4.89537,101317.87,395.45
2036-02,3.1e-05,299.14,4.90447,101416.13,405.16
2036-03,3.6e-05,299.27,5.13745,101409.79,390.99
2036-04,1.9e-05,299.55,5.52995,101759.48,383.38
2036-05,2e-06,298.62,4.55816,102023.36,374.64
2036-06,9e-06,297.33,4.39396,102182.46,349.65
2036-07,0.0,294.82,6.03706,101691.23,347.43
2036-08,1.1e-05,295.68,5.61521,102138.34,345.63
2036-09,2.5e-05,295.69,5.99568,101691.55,360.92
2036-10,7e-06,295.53,6.15869,101532.64,370.03
2036-11,5.6e-05,299.41,5.1326,101495.16,377.14
2036-12,6.1e-05,297.96,5.23585,101425.31,393.09
2037-01,3.4e-05,300.24,4.98782,101253.6,398.31
2037-02,3.7e-05,299.8,5.46347,101208.3,395.94
2037-03,3.3e-05,299.45,5.9201,101422.96,398.25
2037-04,3.2e-05,298.29,5.1391,101644.99,380.38
2037-05,1.7e-05,298.19,4.68604,101828.47,361.87
2037-06,2.6e-05,296.48,4.30277,102016.11,349.53
2037-07,4.4e-05,295.99,5.21956,102004.85,342.63
2037-08,7e-06,296.46,5.89422,101933.84,339.02
2037-09,1.7e-05,297.41,6.55536,101815.32,369.21
2037-10,4e-05,297.33,6.3119,101485.91,370.37
2037-11,7.5e-05,296.99,5.76577,101280.14,366.79
2037-12,4e-05,296.52,5.71361,101283.18,387.22
2038-01,2e-05,298.77,4.94576,101423.93,402.6
2038-02,5.6e-05,300.2,4.59105,101396.83,397.38
2038-03,6e-05,299.47,5.08,101420.1,395.77
2038-04,5e-05,298.07,4.63313,101740.96,388.42
2038-05,4e-06,298.15,4.92305,101975.93,371.77
2038-06,5e-06,296.02,5.08332,101801.92,358.28
2038-07,6e-06,293.23,4.88162,102094.3,345.92
2038-08,1.8e-05,293.91,5.96595,101916.52,345.21
2038-09,2.9e-05,295.43,5.86551,101851.8,358.48
2038-10,3.9e-05,297.3,5.89453,101360.56,373.79
2038-11,7.8e-05,297.76,6.16868,101235.14,387.48
2038-12,4.6e-05,299.04,4.90293,101228.18,392.99
2039-01,1.1e-05,299.91,5.63757,101250.3,400.59
2039-02,3e-06,299.76,5.39312,101306.8,398.07
2039-03,2.8e-05,299.44,4.72462,101467.02,399.04
2039-04,1.9e-05,298.46,5.06032,101758.12,395.06
2039-05,4e-06,297.41,4.48501,101963.63,383.64
2039-06,2e-06,296.8,5.20859,102260.42,368.4
2039-07,4e-06,295.66,5.32664,102210.14,354.06
2039-08,1.7e-05,295.42,5.81291,101877.08,346.97
2039-09,4e-06,295.77,6.11763,101895.12,360.34
2039-10,8e-05,296.46,5.81595,101663.45,361.68
2039-11,1.2e-05,298.46,5.47121,101636.92,379.61
2039-12,7.3e-05,299.88,5.27253,101400.09,394.68
2040-01,4.6e-05,300.38,5.45027,101478.38,409.27
2040-02,2.2e-05,301.06,5.1385,101331.82,407.89
2040-03,6.1e-05,299.67,4.91093,101430.86,408.01
2040-04,5.6e-05,297.81,5.22714,101635.67,398.15
2040-05,2.8e-05,298.03,4.82275,101830.87,382.35
2040-06,6e-06,295.7,4.83849,101660.92,352.94
2040-07,5e-06,294.68,4.98456,101959.34,352.98
2040-08,3.1e-05,293.93,5.85884,101653.65,347.1
2040-09,2e-06,295.66,5.88614,101590.75,359.9
2040-10,6.8e-05,297.32,5.51731,101461.88,374.23
2040-11,3.4e-05,299.16,5.59734,101426.07,383.82
2040-12,0.000196,299.66,5.34303,101534.39,391.69
2041-01,7.5e-05,299.58,5.36786,101608.77,407.27
2041-02,4.9e-05,301.55,5.86355,101468.12,396.0
2041-03,3e-05,300.56,6.25266,101412.38,399.4
2041-04,3e-06,299.16,6.2372,101610.72,384.05
2041-05,2e-06,297.79,5.26149,101861.62,370.12
2041-06,9e-06,297.11,5.25673,101772.73,353.02
2041-07,1e-05,294.98,6.1959,102254.07,354.14
2041-08,2.5e-05,295.59,6.58385,101969.8,356.45
2041-09,7.6e-05,294.13,6.26089,101685.41,380.51
2041-10,3.1e-05,295.09,6.55361,101414.34,382.94
2041-11,1.1e-05,297.22,5.3702,101520.22,397.79
2041-12,8.5e-05,298.14,5.86223,101239.07,404.21
2042-01,2.6e-05,299.28,5.59476,100998.72,408.92
2042-02,0.000229,300.2,5.47126,101190.98,414.9
2042-03,1.4e-05,298.98,5.24006,101575.45,404.45
2042-04,5.8e-05,298.41,4.74943,101760.8,389.33
2042-05,3.3e-05,297.32,4.68388,102017.88,380.14
2042-06,3e-06,295.8,5.3433,102002.18,369.15
2042-07,1e-06,294.14,5.30565,101923.98,342.12
2042-08,6e-06,293.93,6.03554,102173.26,350.44
2042-09,3.6e-05,295.78,5.87537,101706.27,352.38
2042-10,1.1e-05,295.47,6.27744,101760.82,380.64
2042-11,1.6e-05,297.48,6.21712,101696.39,389.61
2042-12,7.7e-05,298.98,5.68773,101284.7,393.95
2043-01,7.8e-05,300.44,5.26279,101392.48,396.21
2043-02,2.5e-05,299.49,4.75283,101340.62,412.59
2043-03,1.6e-05,300.33,5.50809,101201.36,393.25
2043-04,1e-06,298.67,4.82154,101672.1,391.22
2043-05,0.0,298.23,4.38108,101793.23,367.89
2043-06,9e-06,296.95,5.12824,102026.38,358.47
2043-07,8e-06,296.05,5.2927,101690.55,344.37
2043-08,0.0,296.86,5.82652,101747.27,347.47
2043-09,1e-06,297.58,6.07828,101480.51,360.16
2043-10,1.2e-05,298.83,5.54085,101860.25,381.8
2043-11,5.6e-05,299.77,7.06056,101378.22,387.59
2043-12,5.6e-05,300.01,5.86487,101241.7,403.11
2044-01,4.5e-05,299.56,4.68765,101124.23,407.21
2044-02,3.4e-05,301.4,4.27108,101292.02,405.05
2044-03,4.4e-05,300.49,4.71342,101465.12,388.69
2044-04,3.1e-05,298.4,5.32353,101808.18,379.07
2044-05,1.2e-05,298.84,4.30021,101900.22,362.98
2044-06,3.3e-05,297.34,5.10041,101763.73,357.1
2044-07,3e-06,296.61,4.92362,102013.82,349.26
2044-08,3e-06,296.22,4.98181,101951.21,350.5
2044-09,1e-06,297.6,5.53608,101723.02,342.06
2044-10,1.8e-05,297.13,5.58674,101660.67,370.79
2044-11,1e-06,298.53,5.8724,101394.76,394.27
2044-12,4.1e-05,299.55,5.33942,101153.88,403.01
2045-01,5.6e-05,299.38,4.39566,101253.39,404.13
2045-02,7.6e-05,300.73,5.75206,101425.35,407.74
2045-03,0.000108,299.75,5.08985,101412.87,405.84
2045-04,8e-06,299.92,4.33293,101797.84,393.74
2045-05,7e-06,298.28,5.23854,102042.19,368.07
2045-06,2.2e-05,295.8,5.11233,102130.46,360.37
2045-07,4e-06,295.28,5.37016,101885.65,362.8
2045-08,0.0,294.71,5.46975,101826.8,352.85
2045-09,1.6e-05,296.39,6.26266,101941.82,368.37
2045-10,3.7e-05,295.75,6.30863,101598.8,383.63
2045-11,8.1e-05,298.52,5.48519,101428.09,381.66
2045-12,0.000134,298.22,5.27664,101142.05,385.75
2046-01,8.7e-05,298.67,5.25137,101170.85,410.31
2046-02,6.8e-05,300.98,5.5767,101031.28,405.11
2046-03,1.9e-05,299.14,5.7711,101315.42,405.1
2046-04,4.6e-05,299.49,4.98651,101546.8,384.51
2046-05,4e-06,297.02,5.37726,101927.21,372.38
2046-06,1e-06,295.72,5.10336,102005.52,363.42
2046-07,2e-06,296.61,4.78414,101870.26,351.99
2046-08,1e-06,296.29,5.62093,101696.34,352.49
2046-09,4.2e-05,294.68,6.51872,101643.37,362.99
2046-10,4.6e-05,296.9,5.60392,101488.91,359.13
2046-11,2.6e-05,297.19,5.91421,101476.72,396.15
2046-12,5.2e-05,301.49,5.08634,101118.3,399.02
2047-01,1.1e-05,300.87,5.14896,101232.85,401.34
2047-02,6e-06,300.22,4.48412,101357.26,402.48
2047-03,2.4e-05,300.45,5.00451,101260.66,401.48
2047-04,3.5e-05,298.4,4.7142,101745.95,382.84
2047-05,8e-06,297.58,4.35672,101888.72,374.58
2047-06,2e-06,296.13,4.67596,101988.79,359.22
2047-07,1.8e-05,295.54,5.39143,102006.16,347.29
2047-08,1e-06,296.48,6.08811,101890.43,348.53
2047-09,2.1e-05,295.64,6.01895,101660.51,369.26
2047-10,6e-05,296.06,6.5523,101432.31,363.3
2047-11,2.9e-05,296.8,6.14364,101373.86,389.36
2047-12,1.2e-05,298.82,5.62613,101111.06,406.97
2048-01,3.2e-05,300.63,5.21412,101225.22,407.61
2048-02,0.000139,300.36,5.3823,101418.01,410.7
2048-03,3.5e-05,299.35,5.45849,101452.4,394.03
2048-04,8e-06,299.1,4.93978,101688.37,390.87
2048-05,6e-06,298.09,5.16721,101887.51,376.74
2048-06,9e-06,296.7,4.85275,102135.41,358.65
2048-07,1.1e-05,294.59,5.62793,101944.6,353.51
2048-08,1.3e-05,295.63,6.05113,101887.67,349.56
2048-09,7e-06,295.05,6.29629,101516.91,356.31
2048-10,9.3e-05,294.97,6.45023,101836.59,375.14
2048-11,1.7e-05,298.43,5.06899,101636.05,383.34
2048-12,6.1e-05,302.02,5.1267,101509.1,408.62
2049-01,7.5e-05,300.38,4.92959,101430.46,411.01
2049-02,7e-06,301.38,5.18195,101397.01,407.64
2049-03,4e-05,300.21,5.09831,101319.36,405.06
2049-04,1.9e-05,299.15,4.9536,101641.58,396.79
2049-05,3e-06,298.34,4.93317,101840.91,373.19
2049-06,3e-06,295.3,4.91709,102022.73,356.13
2049-07,4e-06,295.11,5.60086,101983.2,343.41
2049-08,2e-06,295.68,5.10362,101709.17,349.72
2049-09,2.3e-05,294.94,6.58082,101779.11,349.05
2049-10,1.2e-05,297.07,6.25944,101426.7,373.72
2049-11,2.7e-05,296.63,5.61032,101458.88,391.8
2049-12,6e-05,298.49,5.86697,101597.46,396.21
2050-01,2e-06,299.36,5.34732,101350.38,400.33
2050-02,0.0,300.48,5.88219,101280.35,410.07
2050-03,4.2e-05,299.78,5.17941,101489.53,408.35
2050-04,3e-06,298.27,5.35034,101890.91,379.23
2050-05,4e-06,297.26,5.50092,102121.17,364.51
2050-06,3e-06,296.12,5.02039,102148.12,349.02
2050-07,0.0,295.88,4.778,102053.45,353.11
2050-08,5e-06,295.64,5.43899,101882.75,356.94
2050-09,4e-06,295.7,5.3773,101656.95,366.31
2050-10,4.4e-05,296.56,6.26555,101498.52,387.86
2050-11,1e-05,299.65,5.71065,101342.67,385.22
2050-12,1.5e-05,302.82,4.65124,101161.36,395.71
2051-01,6.9e-05,302.38,5.53925,101286.48,409.76
2051-02,6.6e-05,301.49,5.35465,101577.62,406.07
2051-03,5.2e-05,300.8,5.10701,101618.95,401.83
2051-04,2.4e-05,300.58,5.26911,101954.85,382.9
2051-05,1.6e-05,299.08,4.80409,101716.42,382.41
2051-06,1e-06,298.29,5.03355,101769.72,360.6
2051-07,8e-06,296.44,5.79147,101796.95,343.97
2051-08,7e-06,294.46,6.44576,101904.48,345.31
2051-09,1.6e-05,296.09,6.24802,101576.05,365.16
2051-10,1.5e-05,296.74,6.35944,101683.73,381.56
2051-11,9e-06,298.58,6.03823,101209.02,393.42
2051-12,3.9e-05,301.27,5.33191,101102.38,396.61
2052-01,6.9e-05,300.93,5.50635,101221.45,416.16
2052-02,9.7e-05,299.92,5.26506,101207.02,407.97
2052-03,4.9e-05,300.43,5.48186,101429.71,405.34
2052-04,1.6e-05,299.25,5.21796,101816.77,390.71
2052-05,1e-06,298.31,4.6787,101658.82,382.63
2052-06,0.0,296.94,4.46375,102055.61,362.14
2052-07,1e-06,297.37,5.3273,101965.87,353.83
2052-08,1.5e-05,296.32,6.06109,101688.57,354.78
2052-09,3e-06,296.14,6.01266,101664.94,370.75
2052-10,5.7e-05,299.15,6.78331,101386.65,364.84
2052-11,5.9e-05,300.07,6.29634,101495.87,398.11
2052-12,1.7e-05,301.33,4.92783,101222.16,397.52
2053-01,3e-06,299.89,5.04234,101345.98,411.89
2053-02,1.1e-05,299.41,4.63806,101243.63,415.4
2053-03,6.7e-05,298.91,5.55041,101479.95,410.52
2053-04,8e-06,301.02,4.69715,101851.3,387.35
2053-05,2e-06,298.92,4.41347,102008.53,368.43
2053-06,2e-06,297.69,5.32239,101797.78,355.7
2053-07,2.4e-05,297.03,4.78332,102072.89,349.43
2053-08,3e-06,296.11,6.1358,102053.59,360.02
2053-09,1e-05,297.18,6.60054,101787.55,371.3
2053-10,4.9e-05,299.0,6.36625,101696.99,388.32
2053-11,0.000145,299.71,5.92441,101350.95,393.39
2053-12,0.0,299.69,4.74233,101185.65,414.39
2054-01,2.5e-05,301.98,4.84106,101215.2,414.14
2054-02,0.000125,301.77,5.78553,101389.26,416.91
2054-03,2.7e-05,299.94,5.82282,101394.44,401.38
2054-04,1.1e-05,298.23,5.01754,101640.85,394.44
2054-05,2e-06,296.9,5.04036,101937.62,382.46
2054-06,2e-06,297.86,5.32791,102141.63,362.26
2054-07,0.0,297.11,5.29518,102081.86,354.89
2054-08,2.5e-05,295.91,6.17293,101919.66,367.05
2054-09,4.2e-05,297.07,6.27649,101781.7,376.94
2054-10,6.9e-05,297.22,6.4645,101559.52,384.27
2054-11,6e-06,299.59,5.81085,101556.21,400.05
2054-12,5.7e-05,299.25,5.44102,101237.33,402.54
2055-01,1.5e-05,300.74,4.4668,101335.6,405.98
2055-02,4e-05,300.56,5.8025,101449.67,411.51
2055-03,4.5e-05,301.39,5.77478,101521.34,408.61
2055-04,8e-06,299.77,5.09339,101823.37,387.99
2055-05,5e-06,298.8,4.46344,101740.55,370.35
2055-06,4e-06,297.43,4.57856,101853.95,368.13
2055-07,0.0,296.17,5.15775,102085.74,355.9
2055-08,1e-06,296.54,5.09532,101813.63,345.96
2055-09,3e-06,297.11,5.93495,101522.74,355.25
2055-10,1.1e-05,298.44,5.77249,101397.16,385.92
2055-11,6.9e-05,299.65,5.90684,101524.38,395.02
2055-12,8e-06,298.65,5.54771,101198.27,404.71
2056-01,1.3e-05,301.72,5.3279,101263.44,409.75
2056-02,2e-05,300.64,4.7216,101022.68,420.5
2056-03,3.2e-05,298.78,5.26061,101253.73,413.14
2056-04,1.1e-05,298.31,4.70885,101583.24,389.72
2056-05,9e-06,298.06,4.93258,101865.88,375.17
2056-06,1e-06,295.71,4.76502,102149.41,364.95
2056-07,5.8e-05,296.22,5.64423,101817.16,356.75
2056-08,4e-05,294.37,5.97392,101732.77,352.59
2056-09,9e-06,296.41,5.56185,101461.27,365.15
2056-10,3e-06,298.62,5.89815,101358.8,385.67
2056-11,5e-06,302.43,5.22968,101424.04,393.72
2056-12,5.1e-05,298.81,5.75516,101149.65,400.08
2057-01,3.9e-05,301.33,5.38406,101179.93,406.38
2057-02,2.3e-05,302.62,4.93859,101291.09,409.04
2057-03,3.4e-05,302.01,5.45102,101375.95,395.73
2057-04,0.0,300.62,5.45401,101849.7,381.06
2057-05,1e-05,299.74,4.76553,101826.19,368.71
2057-06,7e-06,297.68,5.08932,101767.32,361.51
2057-07,6e-06,297.56,4.9744,102247.55,342.74
2057-08,2.2e-05,294.87,5.41237,102038.02,359.03
2057-09,2e-05,296.73,6.12151,101569.74,358.68
2057-10,4e-05,299.42,5.69593,101679.65,380.62
2057-11,2.8e-05,299.38,5.85862,101464.98,396.82
2057-12,1.7e-05,298.01,6.00899,101253.19,395.94
2058-01,6.4e-05,300.97,5.71794,101307.37,406.92
2058-02,1.8e-05,300.72,5.17978,101362.12,422.93
2058-03,6e-06,300.45,4.6386,101436.49,409.06
2058-04,8e-06,299.92,5.02378,101710.12,393.51
2058-05,1e-06,298.25,5.17781,101613.78,373.48
2058-06,2e-06,297.29,5.46415,102287.17,362.11
2058-07,8e-06,295.75,5.45922,102066.04,354.53
2058-08,1.1e-05,296.27,5.53966,101995.64,356.73
2058-09,2.5e-05,296.5,5.66081,101502.59,368.53
2058-10,2.3e-05,298.95,6.35075,101289.37,373.94
2058-11,1e-06,299.15,5.9968,101409.23,409.07
2058-12,5e-06,299.46,5.26215,101046.48,406.85
2059-01,3.8e-05,300.38,6.0163,101247.05,415.23
2059-02,8.3e-05,300.7,6.40098,101241.8,413.33
2059-03,2.7e-05,300.01,5.60723,101524.45,419.78
2059-04,1.5e-05,298.93,4.79619,101640.61,403.65
2059-05,1e-06,296.58,5.30147,101856.97,386.57
2059-06,4.3e-05,295.76,5.07522,102062.9,367.46
2059-07,3e-06,295.7,5.39341,102048.8,357.82
2059-08,2.5e-05,295.9,4.89287,101682.86,362.51
2059-09,3.7e-05,297.58,6.02774,101846.81,366.97
2059-10,2.8e-05,297.44,7.41378,101775.79,371.43
2059-11,0.000162,298.55,5.93262,101584.03,388.74
2059-12,6.6e-05,301.88,5.51901,101404.42,402.58
2060-01,9e-05,301.06,5.29167,101403.37,405.72
2060-02,9e-06,301.74,5.07061,101394.04,409.29
2060-03,3.6e-05,300.82,5.16003,101334.39,406.14
2060-04,7e-06,302.24,5.66219,101937.83,387.38
2060-05,5e-06,299.92,5.55844,102229.85,383.92
2060-06,1.2e-05,298.25,5.09127,101841.09,360.83
2060-07,5.4e-05,295.3,5.47243,102021.43,363.93
2060-08,2.4e-05,296.54,6.61795,102153.07,348.14
2060-09,5e-06,296.01,6.60006,101558.09,361.67
2060-10,2.1e-05,297.5,5.577,101758.77,381.81
2060-11,1.2e-05,298.26,5.91852,101505.16,402.6
2060-12,0.000156,299.12,5.66322,101209.7,400.86
2061-01,8.3e-05,299.95,5.36324,101084.98,409.79
2061-02,8.1e-05,300.31,5.11545,101351.43,401.22
2061-03,0.000152,300.31,5.32356,101322.97,399.64
2061-04,4e-06,298.98,5.63968,101640.72,400.22
2061-05,6e-06,299.47,4.89096,101957.73,385.65
2061-06,2e-05,297.67,4.7373,102015.83,370.98
2061-07,1e-06,296.15,5.66861,102146.01,354.66
2061-08,1e-06,296.02,5.59269,101984.06,352.38
2061-09,3.9e-05,298.08,6.17871,101730.46,373.6
2061-10,5e-06,299.69,5.53833,101417.02,395.4
2061-11,0.0,299.56,5.9003,101493.99,415.45
2061-12,1.8e-05,300.63,5.53851,101328.56,400.23
2062-01,1.1e-05,301.68,4.03834,101277.24,419.76
2062-02,7.8e-05,302.09,5.2281,101470.75,418.89
2062-03,8.8e-05,300.59,5.65345,101319.11,407.11
2062-04,7.2e-05,298.81,5.44742,101640.17,398.03
2062-05,4e-06,297.83,5.17203,101788.31,376.02
2062-06,0.0,296.09,4.49266,101886.7,366.05
2062-07,2e-05,296.84,5.21274,101841.16,357.7
2062-08,1e-06,297.66,5.2312,101715.14,351.28
2062-09,4e-06,297.36,6.14368,101859.3,358.37
2062-10,1.7e-05,301.17,5.81089,101820.37,378.66
2062-11,2e-06,299.64,5.54386,101544.19,383.11
2062-12,4.5e-05,299.51,5.06057,101119.01,395.86
2063-01,8.4e-05,300.35,4.95011,101155.38,405.89
2063-02,2.2e-05,300.84,5.15754,101416.1,410.23
2063-03,5.2e-05,300.55,5.19985,101338.58,403.98
2063-04,1.3e-05,299.38,4.67807,102022.34,396.71
2063-05,1e-06,299.8,4.40866,101953.26,394.88
2063-06,3e-06,297.4,5.03322,101769.76,379.17
2063-07,4e-06,295.95,5.34206,101952.7,353.74
2063-08,2.3e-05,295.58,5.54849,101795.52,355.92
2063-09,2e-06,296.7,5.95639,101567.7,374.28
2063-10,4.6e-05,298.21,5.76767,101557.09,377.36
2063-11,1.3e-05,298.43,6.18247,101496.98,404.67
2063-12,7e-06,300.1,5.40288,101333.7,409.91
2064-01,0.000139,300.89,4.24744,101268.81,406.49
2064-02,4.4e-05,301.6,5.28146,101180.44,413.76
2064-03,5.4e-05,299.98,4.65159,101646.02,412.31
2064-04,0.000106,300.06,4.5802,101588.05,395.79
2064-05,1.4e-05,299.04,4.34906,101949.41,388.58
2064-06,1e-06,297.22,4.83345,101692.68,364.73
2064-07,3.2e-05,297.12,4.52287,102138.02,363.67
2064-08,1.7e-05,296.77,5.66062,101728.42,366.91
2064-09,7.9e-05,298.78,5.42939,101889.26,356.88
2064-10,8e-05,299.6,6.58704,101690.62,382.67
2064-11,4.2e-05,298.93,6.5959,101342.39,415.62
2064-12,2.9e-05,299.81,5.42221,101152.41,408.82
2065-01,0.000123,300.68,5.35241,101145.85,417.27
2065-02,0.000112,301.27,5.80517,101169.34,417.27
2065-03,2.6e-05,299.78,4.85953,101460.25,406.62
2065-04,5e-06,300.44,5.55662,101698.71,400.31
2065-05,2e-06,298.52,4.95619,101969.52,377.03
2065-06,1.9e-05,296.16,5.15539,102032.88,373.78
2065-07,5e-06,296.5,5.04556,102247.7,361.83
2065-08,3e-06,296.81,5.14791,101827.02,368.8
2065-09,5e-06,297.35,6.77317,101809.51,364.04
2065-10,3e-06,300.14,6.16274,101695.5,390.34
2065-11,1e-06,301.38,5.3769,101315.53,399.03
2065-12,8e-06,299.87,5.5452,101299.77,420.64
2066-01,5.9e-05,299.67,5.08203,101183.23,418.66
2066-02,4.1e-05,300.7,4.90587,101211.59,411.23
2066-03,0.000104,302.11,4.73104,101455.4,416.02
2066-04,1.6e-05,299.92,4.32692,101830.34,382.97
2066-05,2e-06,297.41,4.81293,102106.16,373.06
2066-06,1e-06,296.84,4.63407,102037.79,364.3
2066-07,2e-06,297.16,5.07237,102222.19,350.06
2066-08,5e-06,296.2,5.779,101930.12,354.39
2066-09,1.7e-05,298.79,5.79448,101969.38,364.77
2066-10,7.7e-05,298.95,6.44006,101611.18,376.96
2066-11,0.000104,299.22,5.83982,101475.27,388.6
2066-12,6e-06,299.15,5.18302,101563.62,404.01
2067-01,4.9e-05,299.94,5.3799,101377.88,415.83
2067-02,5e-06,301.2,5.56215,101605.57,424.14
2067-03,1.3e-05,300.18,5.61472,101379.98,412.88
2067-04,3e-06,299.74,4.85143,101739.13,406.59
2067-05,4.9e-05,299.24,4.63081,101767.48,396.79
2067-06,2e-06,298.12,5.24301,101828.15,373.37
2067-07,2.3e-05,297.39,5.37121,102167.08,356.16
2067-08,1.1e-05,296.77,5.3554,101534.0,375.08
2067-09,0.00012,295.98,6.6216,101427.97,357.93
2067-10,2e-06,297.89,5.8366,101606.6,389.34
2067-11,1e-06,298.36,5.47771,101313.2,414.26
2067-12,6.3e-05,300.91,5.15178,100988.45,409.04
2068-01,7e-06,301.0,5.25164,101306.62,422.62
2068-02,6.7e-05,301.54,6.0291,101301.49,422.27
2068-03,6.6e-05,302.07,5.00796,101439.93,419.1
2068-04,1.5e-05,301.59,5.07715,101986.87,390.43
2068-05,0.0,299.52,5.47787,101916.57,380.49
2068-06,3.4e-05,297.04,5.38467,101906.2,372.25
2068-07,2e-06,297.1,5.45868,102029.41,353.24
2068-08,2e-06,296.64,5.97141,101740.96,358.76
2068-09,1e-06,296.12,5.7909,101666.37,387.15
2068-10,3e-05,298.05,6.23921,101436.46,404.65
2068-11,7.5e-05,299.47,4.72185,101594.65,394.44
2068-12,7e-06,301.72,5.79971,101273.3,429.32
2069-01,0.000108,302.0,6.09745,101122.93,415.21
2069-02,0.000105,303.23,5.19753,101146.27,409.06
2069-03,3.1e-05,301.73,6.05195,101325.66,416.88
2069-04,6e-06,300.67,5.40389,101536.72,401.84
2069-05,1.5e-05,299.03,5.35521,101978.8,390.16
2069-06,7e-06,298.21,5.44235,102099.64,377.35
2069-07,4e-06,297.44,5.45872,101914.66,366.42
2069-08,5.1e-05,298.76,4.99573,101973.87,374.4
2069-09,1.2e-05,296.68,6.8003,101707.0,383.52
2069-10,2.9e-05,300.07,5.69967,101542.84,385.48
2069-11,5.8e-05,299.39,5.24646,101333.86,396.84
2069-12,6.3e-05,299.09,5.35652,101175.11,411.95
2070-01,0.00011,300.4,4.69616,101153.84,419.8
2070-02,1.3e-05,301.78,5.6038,101266.05,420.16
2070-03,3e-06,300.54,4.44826,101291.12,406.94
2070-04,1.9e-05,300.62,5.02089,101655.84,408.98
2070-05,2.2e-05,300.1,4.26899,101950.88,382.44
2070-06,7e-06,297.44,5.32226,102071.7,371.94
2070-07,4.1e-05,297.05,5.24153,102317.34,355.96
2070-08,5e-06,295.33,6.26478,101981.73,380.23
2070-09,3.3e-05,298.64,5.71395,101651.88,375.22
2070-10,3.7e-05,299.5,6.43724,101615.59,395.56
2070-11,6e-05,301.48,5.08267,101658.18,407.73
2070-12,1.5e-05,301.66,5.68844,101303.38,406.19
2071-01,1.5e-05,303.06,5.22029,101179.08,408.05
2071-02,1.6e-05,301.23,5.5633,101100.49,415.31
2071-03,7.9e-05,303.01,4.61328,101349.22,413.89
2071-04,7e-06,301.95,4.50298,101836.16,400.49
2071-05,7.5e-05,301.32,4.82063,101807.71,400.41
2071-06,1.4e-05,298.49,4.91741,102069.33,373.0
2071-07,2e-05,297.69,5.3996,102244.63,362.83
2071-08,1e-06,297.35,5.70721,101777.27,350.96
2071-09,1.3e-05,299.07,6.44977,101490.8,373.72
2071-10,0.00013,299.43,5.98263,101572.24,396.64
2071-11,3e-06,301.43,5.31423,101398.34,396.54
2071-12,5.7e-05,300.75,5.65745,101380.55,410.97
2072-01,7.1e-05,300.45,6.05031,101251.56,406.66
2072-02,1e-05,301.88,4.52242,101370.52,412.88
2072-03,0.0,300.9,4.91247,101298.61,409.42
2072-04,4e-06,300.21,5.02552,101817.45,404.37
2072-05,0.0,300.43,4.68692,101822.18,383.76
2072-06,0.0,299.41,4.96704,101915.8,367.58
2072-07,1e-06,298.08,5.17506,101720.09,370.25
2072-08,2e-06,298.22,5.32099,101455.6,359.34
2072-09,2e-06,297.93,5.70369,101713.89,362.96
2072-10,6e-06,299.54,6.49781,101627.3,385.09
2072-11,4.8e-05,298.31,6.50605,101365.55,409.48
2072-12,3.5e-05,299.31,5.45598,101322.85,407.57
2073-01,2.4e-05,301.62,5.12708,101241.59,417.07
2073-02,8.4e-05,302.26,4.89914,101145.02,417.86
2073-03,2.3e-05,301.68,5.56089,101304.15,404.76
2073-04,1e-06,300.39,4.75363,101848.8,409.43
2073-05,1.1e-05,299.46,4.90277,101591.98,394.53
2073-06,7e-05,297.29,4.58189,101569.66,375.76
2073-07,1.1e-05,296.51,4.79063,101422.59,371.27
2073-08,2.2e-05,296.47,4.81138,101602.91,366.54
2073-09,1.4e-05,297.21,6.03304,101719.84,376.39
2073-10,8e-06,298.18,6.07732,101604.54,378.94
2073-11,2e-06,301.04,5.62311,101418.06,412.15
2073-12,1.3e-05,301.38,5.63297,101595.16,416.34
2074-01,1e-05,302.5,5.68995,101287.13,430.46
2074-02,1.6e-05,302.51,5.50528,101503.34,423.15
2074-03,2.8e-05,301.67,5.65327,101452.43,421.62
2074-04,2.5e-05,301.54,5.28534,101497.84,420.28
2074-05,0.0,299.87,5.10663,101716.27,407.19
2074-06,3e-06,299.02,4.61409,101552.38,380.52
2074-07,1.8e-05,297.7,5.63774,101655.32,367.73
2074-08,7e-06,298.29,5.73577,101942.71,358.36
2074-09,1.8e-05,299.76,6.62027,101528.21,359.6
2074-10,5e-05,299.67,6.06855,101421.57,382.64
2074-11,5.9e-05,299.41,7.07243,101384.63,415.86
2074-12,4.1e-05,298.86,6.31049,101115.06,402.83
2075-01,0.000163,301.54,5.43764,101420.61,417.67
2075-02,4.7e-05,301.05,5.33102,101403.05,416.82
2075-03,4e-05,302.24,5.13961,101453.8,413.28
2075-04,5.8e-05,301.56,4.68144,101626.63,400.48
2075-05,0.0,299.15,4.958,101990.92,380.23
2075-06,5e-06,298.15,4.95424,102234.34,372.47
2075-07,4e-06,298.27,4.77554,101947.38,362.53
2075-08,6e-06,297.9,5.60624,102004.84,347.09
2075-09,1.6e-05,298.27,6.56578,101555.3,360.0
2075-10,2.7e-05,299.9,6.37311,101505.27,373.27
2075-11,8.3e-05,300.04,5.7678,101245.27,396.42
2075-12,3.3e-05,301.0,5.45914,101267.73,411.75
2076-01,1.8e-05,301.29,4.87283,101213.28,426.06
2076-02,2.7e-05,302.48,5.18104,101545.45,426.56
2076-03,6.8e-05,301.39,4.78628,101237.34,420.9
2076-04,1.1e-05,299.9,5.21137,101823.96,397.1
2076-05,3.7e-05,298.33,4.95913,101743.66,380.11
2076-06,7e-06,296.37,4.7337,102214.27,365.13
2076-07,5e-06,297.8,5.46436,101773.05,353.57
2076-08,2e-06,297.12,5.66581,101894.47,360.41
2076-09,2e-06,297.65,6.0374,101914.31,383.3
2076-10,1e-06,300.07,5.63134,101565.79,392.37
2076-11,2e-06,299.97,6.82925,101417.95,405.9
2076-12,9e-06,302.05,5.23122,101260.84,414.28
2077-01,0.000193,301.01,5.53644,101097.78,413.21
2077-02,2.4e-05,300.69,4.85714,101351.41,423.12
2077-03,4.4e-05,301.23,4.83306,101279.8,425.78
2077-04,1e-05,300.37,5.01716,101729.98,402.19
2077-05,1.1e-05,298.25,4.97251,101843.86,384.04
2077-06,1.9e-05,299.23,4.83968,101991.77,371.38
2077-07,4e-06,297.14,5.26774,101959.08,371.18
2077-08,1e-06,298.84,5.65082,101885.2,381.88
2077-09,2e-06,296.96,7.24003,101655.77,372.94
2077-10,7e-06,299.49,6.47994,101309.87,390.07
2077-11,1e-06,301.78,6.46214,101327.13,404.38
2077-12,6e-06,302.38,5.56861,101324.66,418.52
2078-01,7.7e-05,302.02,5.08992,101000.49,419.26
2078-02,9.9e-05,302.7,4.11339,101160.68,422.81
2078-03,2e-06,303.0,5.14422,101319.77,420.59
2078-04,9e-06,300.86,4.50149,101811.89,416.35
2078-05,3.9e-05,301.09,4.57139,102127.52,391.47
2078-06,0.0,298.51,5.10632,102319.66,375.2
2078-07,2.2e-05,298.14,4.67044,102191.12,369.27
2078-08,4e-06,297.86,5.96973,102029.48,365.58
2078-09,1e-06,297.1,6.32693,101865.27,364.85
2078-10,3e-06,298.01,6.48935,101428.65,398.72
2078-11,2e-05,301.94,5.56265,101507.68,411.72
2078-12,4.2e-05,300.98,5.65222,101354.73,427.21
2079-01,7.2e-05,303.33,4.35836,101152.41,433.55
2079-02,3e-05,304.1,5.46291,101226.54,431.02
2079-03,3.6e-05,302.63,4.19647,101549.14,422.19
2079-04,3e-06,302.42,4.43849,101710.81,411.95
2079-05,1e-06,299.68,4.98129,101828.78,397.7
2079-06,9e-06,299.5,4.4387,102146.06,375.7
2079-07,6e-06,297.62,5.29997,101919.4,360.59
2079-08,5.8e-05,298.14,6.59234,101691.97,362.77
2079-09,6e-06,298.92,6.08951,101508.84,375.51
2079-10,2e-06,301.39,6.15255,101502.88,387.65
2079-11,8e-06,301.64,5.61987,101339.52,425.5
2079-12,6.8e-05,301.16,4.25722,101283.91,411.4
2080-01,0.000117,302.13,4.15937,101240.18,419.6
2080-02,4.3e-05,302.25,4.71454,101352.97,424.77
2080-03,5.8e-05,300.29,4.61502,101498.5,415.92
2080-04,1.4e-05,300.19,5.86346,101667.28,412.46
2080-05,1e-05,299.72,4.6087,101808.4,375.61
2080-06,2.3e-05,296.89,5.02955,101973.55,367.05
2080-07,5e-06,296.16,6.03584,102005.8,356.01
2080-08,1.2e-05,296.42,5.93583,102241.81,370.21
2080-09,0.0,297.45,5.73346,101721.88,381.55
2080-10,3.4e-05,298.66,6.76869,101656.54,396.8
2080-11,4.7e-05,299.0,6.42758,101499.67,414.31
2080-12,5.8e-05,301.77,6.53905,101278.3,425.31
2081-01,7e-06,300.05,5.48888,101370.46,423.0
2081-02,0.00012,301.54,5.46709,101280.4,434.32
2081-03,1.9e-05,301.49,5.62599,101559.61,422.22
2081-04,1.5e-05,300.21,4.89338,101890.16,415.27
2081-05,5.8e-05,300.18,4.7729,101758.57,400.15
2081-06,1e-06,298.35,5.50575,101709.88,383.27
2081-07,1.1e-05,296.5,5.21477,102113.24,366.15
2081-08,3.5e-05,297.19,5.32546,101710.27,365.97
2081-09,2e-05,298.77,6.31438,101790.53,374.79
2081-10,1e-06,298.7,6.17384,101702.16,401.93
2081-11,7.3e-05,301.24,5.57027,101283.27,415.31
2081-12,8.3e-05,301.97,5.66471,101157.25,412.86
2082-01,0.000134,302.41,4.49788,101314.56,433.86
2082-02,7.2e-05,301.95,5.84119,101246.11,424.83
2082-03,2.6e-05,301.97,4.88554,101432.73,415.36
2082-04,2.7e-05,300.05,5.18165,101586.33,419.41
2082-05,8e-06,299.95,4.69355,101782.8,386.42
2082-06,3.9e-05,297.83,4.56803,101966.77,374.94
2082-07,2.4e-05,297.74,4.95797,101856.03,372.74
2082-08,1e-06,298.16,5.83015,101834.1,363.08
2082-09,1.1e-05,297.02,6.59078,101703.16,374.6
2082-10,8e-06,299.33,6.7229,101453.48,391.57
2082-11,2e-05,301.67,5.75403,101383.44,418.31
2082-12,3.2e-05,302.02,5.28019,101132.48,418.91
2083-01,0.000104,302.38,4.33808,101343.3,429.32
2083-02,6.3e-05,302.57,4.61411,100896.28,425.58
2083-03,3e-05,301.3,4.80776,101495.18,428.08
2083-04,5e-06,299.93,5.38485,101561.1,410.37
2083-05,1.5e-05,300.36,4.86534,101781.17,401.98
2083-06,1e-06,298.5,5.45033,101892.08,394.14
2083-07,2.5e-05,297.02,5.50428,102130.59,386.36
2083-08,1e-05,297.31,5.69004,102161.26,381.32
2083-09,8e-06,297.09,6.39276,101479.27,379.52
2083-10,2.1e-05,298.26,5.69034,101376.41,401.56
2083-11,3.5e-05,301.46,5.73698,101193.42,426.04
2083-12,3.8e-05,302.23,4.63392,101225.44,441.34
2084-01,4e-05,302.65,5.90264,101397.68,431.85
2084-02,4.6e-05,303.27,6.24127,101157.42,428.0
2084-03,7.8e-05,302.88,6.18926,101473.75,425.46
2084-04,8e-06,303.34,5.38343,101663.88,408.87
2084-05,1.8e-05,301.84,4.45831,102162.37,414.02
2084-06,1.2e-05,298.8,4.87418,102294.4,388.87
2084-07,1e-06,298.64,5.68146,102310.04,382.01
2084-08,2.4e-05,300.71,4.90395,102359.69,375.44
2084-09,7e-06,300.94,5.91406,101682.8,392.26
2084-10,5.3e-05,299.9,7.2162,101647.0,396.45
2084-11,7.3e-05,300.96,5.5226,101250.36,420.06
2084-12,4e-06,302.16,5.40726,101097.75,410.61
2085-01,6.5e-05,301.95,5.10242,101254.45,429.03
2085-02,1e-06,302.01,5.08868,101332.16,419.73
2085-03,3.2e-05,301.65,5.27527,101395.02,431.08
2085-04,2.3e-05,300.3,5.55014,101732.28,412.38
2085-05,4e-06,299.65,4.49499,101805.99,388.47
2085-06,8e-06,298.94,4.66112,101895.42,373.19
2085-07,1e-06,300.35,4.57369,102111.44,376.12
2085-08,2e-06,298.67,6.06186,102028.76,375.03
2085-09,8e-06,299.06,6.2544,101949.55,368.98
2085-10,2.8e-05,298.84,6.24132,101425.17,398.33
2085-11,1.2e-05,301.63,6.37847,101102.89,417.74
2085-12,7.6e-05,302.77,6.18254,101375.3,410.92
2086-01,2.1e-05,302.51,5.11714,101253.77,414.63
2086-02,3e-06,302.55,6.62679,101250.52,417.21
2086-03,7.1e-05,302.6,5.37112,101599.11,414.27
2086-04,1e-05,301.32,5.7827,101803.04,404.14
2086-05,1e-06,299.99,4.29219,101790.62,386.29
2086-06,1e-06,298.71,5.50705,102050.05,380.12
2086-07,0.0,297.42,5.40828,102020.53,361.42
2086-08,1.5e-05,297.72,5.76507,101721.1,363.97
2086-09,2.4e-05,299.38,6.79091,101599.91,366.89
2086-10,1.9e-05,302.48,6.24717,101746.86,386.19
2086-11,1.6e-05,300.08,5.73953,101256.2,420.94
2086-12,0.000135,304.78,5.74727,101342.15,422.93
2087-01,4.5e-05,304.78,5.80493,101235.11,435.22
2087-02,3.2e-05,304.88,5.05531,101389.19,431.62
2087-03,0.000196,304.25,5.0881,101450.25,427.61
2087-04,7.9e-05,303.54,4.91786,101692.49,416.87
2087-05,1.4e-05,300.83,5.09864,101770.73,388.74
2087-06,2e-06,300.95,4.12951,102310.95,382.04
2087-07,2e-05,300.45,4.87182,102110.31,379.6
2087-08,1.8e-05,297.25,5.78542,102040.04,366.68
2087-09,1.3e-05,296.63,5.64615,101891.56,381.16
2087-10,4.3e-05,299.2,6.63564,101614.41,398.97
2087-11,0.000129,303.65,5.30432,101388.95,406.17
2087-12,9e-05,304.02,5.10231,101506.46,415.76
2088-01,7.2e-05,303.47,5.31193,101093.29,428.28
2088-02,2.6e-05,303.98,5.20004,101247.84,427.83
2088-03,1.3e-05,302.59,5.75706,101493.12,416.78
2088-04,9e-06,300.82,4.9151,101651.44,415.53
2088-05,7e-06,300.23,4.25761,101726.52,399.18
2088-06,6e-06,298.19,5.23721,102173.77,384.46
2088-07,3e-06,297.42,5.1433,102032.74,380.19
2088-08,1.9e-05,299.41,5.14623,101896.69,371.58
2088-09,5e-06,299.17,6.22916,101491.34,394.75
2088-10,9e-06,298.75,5.90886,101653.95,414.58
2088-11,1.2e-05,303.89,5.29564,101189.99,425.52
2088-12,5e-06,303.46,4.97125,101219.93,431.6
2089-01,1.4e-05,303.18,5.31292,101267.81,441.28
2089-02,4e-05,303.71,5.14101,101355.48,433.05
2089-03,3.7e-05,303.02,5.07599,101449.09,435.82
2089-04,2.2e-05,301.8,4.51802,101682.26,416.66
2089-05,5e-06,301.02,4.25204,101662.55,398.04
2089-06,6e-06,298.26,5.06452,101904.88,386.44
2089-07,0.0,298.27,4.55011,102243.5,372.54
2089-08,2e-06,298.49,6.20807,102000.88,368.64
2089-09,0.0,299.84,5.45971,101795.28,382.73
2089-10,5.5e-05,302.71,5.68452,101442.48,402.67
2089-11,6.6e-05,302.62,5.5977,101480.34,418.31
2089-12,0.000186,304.61,5.99387,101144.32,426.51
2090-01,3.5e-05,302.5,5.10419,101175.29,422.93
2090-02,1.4e-05,303.37,5.59013,101182.81,438.05
2090-03,7.5e-05,303.11,5.63575,101425.94,431.37
2090-04,6e-06,301.82,5.15038,101744.85,402.85
2090-05,4e-06,301.8,4.70774,101737.86,405.06
2090-06,5e-06,300.05,5.50881,102091.67,381.21
2090-07,3e-05,298.94,5.43018,101671.25,388.76
2090-08,1.5e-05,300.59,5.47761,101729.6,377.63
2090-09,2e-05,298.43,6.19151,101795.88,384.06
2090-10,2e-06,301.41,5.7064,101453.7,397.72
2090-11,1e-06,302.42,5.35975,101538.72,414.61
2090-12,2.6e-05,302.54,5.37837,101400.28,420.44
2091-01,5.2e-05,302.74,4.82794,101518.58,429.3
2091-02,4e-06,303.38,5.34773,101403.72,422.6
2091-03,2.2e-05,302.41,5.07907,101298.44,426.13
2091-04,4.5e-05,303.06,5.23394,101632.02,427.75
2091-05,3.3e-05,301.68,5.13015,101760.18,418.13
2091-06,5e-06,299.22,5.63953,102189.66,409.02
2091-07,3e-06,297.86,5.71775,101898.71,370.52
2091-08,1.2e-05,299.14,5.19315,101545.84,387.91
2091-09,4.5e-05,297.93,6.19971,101511.1,385.28
2091-10,7e-05,300.62,5.31973,101419.08,397.88
2091-11,3.4e-05,304.46,5.08067,101360.54,426.11
2091-12,5.1e-05,303.64,5.79393,101352.49,434.45
2092-01,0.000181,303.95,4.40581,101338.13,437.04
2092-02,6.1e-05,303.15,4.9089,101419.21,439.11
2092-03,3.2e-05,303.06,4.89046,101394.2,433.78
2092-04,3e-06,303.37,5.38587,101657.01,421.09
2092-05,9e-06,300.18,5.10419,101666.05,394.8
2092-06,5e-06,299.85,4.30287,101807.81,388.72
2092-07,3e-06,298.72,4.87877,102233.68,370.82
2092-08,1e-06,298.02,5.52901,102146.74,361.43
2092-09,1e-06,300.08,5.48392,101849.88,375.47
2092-10,2.2e-05,299.42,5.89956,101494.86,398.79
2092-11,1e-05,302.11,4.59758,101345.89,404.87
2092-12,0.00011,301.15,5.29571,101305.31,419.64
2093-01,2e-06,302.04,5.25066,101205.32,436.23
2093-02,4.1e-05,301.94,5.1223,101093.26,432.66
2093-03,1.9e-05,303.22,5.45544,101410.57,418.99
2093-04,7e-06,300.96,4.69438,101568.91,418.68
2093-05,6e-06,298.95,5.04851,101569.95,398.81
2093-06,1e-06,298.04,4.18236,101574.62,380.79
2093-07,1.4e-05,297.77,5.33483,101860.95,373.62
2093-08,0.0,298.64,5.82047,101964.04,370.4
2093-09,1e-05,300.33,5.77672,101613.32,391.05
2093-10,5.6e-05,301.31,6.4001,101796.54,403.19
2093-11,1.5e-05,302.63,6.76989,101310.85,424.02
2093-12,0.000111,303.47,5.83679,101075.15,436.73
2094-01,3.4e-05,304.84,4.96263,101243.75,430.42
2094-02,0.0,303.04,5.18683,101385.41,429.33
2094-03,1.5e-05,302.68,4.67225,101359.09,426.38
2094-04,1e-06,301.87,5.32582,101684.59,413.12
2094-05,0.0,300.2,4.63916,102150.34,401.38
2094-06,4e-06,299.07,5.00624,102157.09,391.25
2094-07,8e-06,298.26,5.64033,102190.88,384.93
2094-08,0.0,297.62,5.80514,102255.82,373.52
2094-09,2e-06,299.63,6.21861,101585.24,389.57
2094-10,9e-06,301.86,6.26169,101351.93,408.49
2094-11,7.8e-05,303.6,6.34217,101290.16,422.42
2094-12,9e-06,303.04,5.37984,101138.58,437.98
2095-01,5e-05,301.85,5.14356,101155.08,431.52
2095-02,1.7e-05,302.68,5.59221,101221.18,442.19
2095-03,4.3e-05,300.71,4.06072,101366.84,445.21
2095-04,4.2e-05,300.47,4.92758,101756.05,408.45
2095-05,9e-06,301.86,4.59171,101882.73,410.02
2095-06,6e-06,299.3,5.19601,101902.95,387.41
2095-07,1e-06,298.95,4.70383,101807.78,379.56
2095-08,0.0,297.93,5.46717,101986.64,386.79
2095-09,3e-06,300.76,6.37895,101468.9,382.76
2095-10,4e-05,301.89,7.13166,101512.82,416.55
2095-11,2.6e-05,302.34,5.86,101376.03,420.16
2095-12,1.6e-05,302.8,5.1708,101385.15,434.71
2096-01,5.9e-05,302.19,5.95154,101423.02,432.22
2096-02,0.000118,301.54,4.41381,101266.7,429.91
2096-03,3.9e-05,303.22,4.14707,101266.28,435.49
2096-04,3.1e-05,302.93,4.76814,101525.46,421.58
2096-05,1.2e-05,300.8,4.73032,101783.92,404.78
2096-06,0.0,299.74,4.36771,101995.27,383.29
2096-07,1e-06,298.92,4.94576,102001.45,375.15
2096-08,7e-06,297.53,5.78962,101687.51,364.3
2096-09,0.0,298.65,5.89861,101554.14,379.46
2096-10,2e-06,302.12,6.84277,101373.45,410.65
2096-11,0.0,302.15,5.67945,101259.62,419.12
2096-12,0.000157,304.27,5.33695,101245.07,420.09
2097-01,4.9e-05,303.01,5.74985,101427.97,431.11
2097-02,3e-05,303.08,5.74463,101461.87,436.71
2097-03,3.1e-05,302.06,5.19118,101470.46,430.35
2097-04,3.1e-05,302.07,4.65664,101581.34,402.63
2097-05,2e-06,301.15,5.02832,101553.04,392.47
2097-06,1e-06,298.5,5.23672,101898.28,384.5
2097-07,0.0,299.0,5.64036,101992.68,374.4
2097-08,1.2e-05,298.41,5.90596,101727.66,374.72
2097-09,1.6e-05,297.79,7.39943,102020.64,393.85
2097-10,1.4e-05,299.97,6.13853,101315.23,411.39
2097-11,3e-05,301.65,6.1173,101272.66,415.78
2097-12,6.7e-05,304.59,6.7514,101185.53,435.92
2098-01,7.9e-05,302.47,5.23525,101182.99,436.17
2098-02,2e-05,303.27,4.19242,101267.32,434.98
2098-03,1e-05,303.38,4.93511,101416.78,432.61
2098-04,1.9e-05,302.51,4.39287,101876.8,413.61
2098-05,1e-06,301.13,4.62451,101732.8,400.3
2098-06,2e-06,298.94,4.84896,101985.84,388.05
2098-07,7e-06,298.13,5.25172,102099.7,382.15
2098-08,1e-05,297.2,5.5935,101991.35,377.44
2098-09,2.3e-05,298.64,5.99041,101572.89,389.39
2098-10,5e-06,300.24,5.31955,101498.02,413.97
2098-11,4.3e-05,303.67,4.96702,101498.67,426.43
2098-12,7.1e-05,303.27,5.3335,101252.85,444.06
2099-01,2.8e-05,304.59,4.68433,101244.84,429.36
2099-02,2.3e-05,303.56,4.49713,101088.82,427.53
2099-03,1.2e-05,304.46,5.16852,101495.84,428.52
2099-04,1.7e-05,303.97,5.24727,101592.23,409.25
2099-05,1.6e-05,302.85,5.17063,101783.78,396.62
2099-06,4e-06,299.86,5.4611,101840.94,375.05
2099-07,1e-06,300.65,5.16732,101781.45,373.74
2099-08,2e-06,297.57,6.40404,101924.09,389.15
2099-09,7e-06,298.65,5.37966,101696.51,389.21
2099-10,4.1e-05,299.17,6.62892,101482.21,406.91
2099-11,2.7e-05,298.82,5.95049,101249.12,416.92
2099-12,6.1e-05,305.14,4.512,101358.21,428.84
2100-01,8.9e-05,304.59,5.09783,101243.09,444.0
2100-02,2.7e-05,304.54,5.68795,101307.66,432.48
2100-03,2.5e-05,304.52,5.07162,101464.88,445.67
2100-04,2.7e-05,302.62,5.29983,101592.88,439.0
2100-05,1.3e-05,302.63,4.91075,101753.88,401.22
2100-06,2e-06,298.88,4.99793,101496.07,402.98
2100-07,1.4e-05,299.22,5.80297,102152.99,380.35
2100-08,8e-06,299.64,5.88309,101887.62,385.76
2100-09,1.3e-05,300.19,6.3805,101728.25,403.44
2100-10,4e-06,301.28,6.79956,101663.05,401.21
2100-11,3.2e-05,302.77,7.05747,101461.01,429.83
2100-12,4e-06,300.99,5.47834,101293.52,444.5
