date,iteration,cfg_scale,img_str,seed,model,pr,tas,sfcWind,psl,rldscs
2015,0000,3,0.8,3592619073,stable-diffusion-xl-beta-v2-2-2,4.9e-05,296.14,4.54844,101555.36,366.7
2015,0001,6,0.7,672707278,stable-diffusion-v1-5,4.9e-05,296.14,4.54844,101555.36,366.7
2015,0002,9,0.7,3603031669,stable-diffusion-v1-5,4.9e-05,296.14,4.54844,101555.36,366.7
2016,0003,3,0.8,664076129,stable-diffusion-xl-beta-v2-2-2,2.9e-05,296.81,4.59474,101655.28,367.21
2016,0004,6,0.7,3938538289,stable-diffusion-v1-5,2.9e-05,296.81,4.59474,101655.28,367.21
2016,0005,9,0.7,3139394571,stable-diffusion-v1-5,2.9e-05,296.81,4.59474,101655.28,367.21
2017,0006,3,0.8,3980582923,stable-diffusion-xl-beta-v2-2-2,3.3e-05,296.94,4.83495,101631.27,366.8
2017,0007,6,0.7,46406183,stable-diffusion-v1-5,3.3e-05,296.94,4.83495,101631.27,366.8
2017,0008,9,0.7,3943943673,stable-diffusion-v1-5,3.3e-05,296.94,4.83495,101631.27,366.8
2018,0009,3,0.8,1946410756,stable-diffusion-xl-beta-v2-2-2,4.1e-05,296.7,4.72724,101607.98,370.15
2018,0010,6,0.7,418786556,stable-diffusion-v1-5,4.1e-05,296.7,4.72724,101607.98,370.15
2018,0011,9,0.7,2044918532,stable-diffusion-v1-5,4.1e-05,296.7,4.72724,101607.98,370.15
2019,0012,3,0.8,3106390835,stable-diffusion-xl-beta-v2-2-2,1.9e-05,296.86,4.94942,101555.86,371.28
2019,0013,6,0.7,1050716142,stable-diffusion-v1-5,1.9e-05,296.86,4.94942,101555.86,371.28
2019,0014,9,0.7,2778149440,stable-diffusion-v1-5,1.9e-05,296.86,4.94942,101555.86,371.28
2020,0015,3,0.8,3443000869,stable-diffusion-xl-beta-v2-2-2,2.7e-05,297.14,4.87509,101648.36,366.82
2020,0016,6,0.7,1334541169,stable-diffusion-v1-5,2.7e-05,297.14,4.87509,101648.36,366.82
2020,0017,9,0.7,1630469625,stable-diffusion-v1-5,2.7e-05,297.14,4.87509,101648.36,366.82
2021,0018,3,0.8,3611340895,stable-diffusion-xl-beta-v2-2-2,3.5e-05,297.15,4.77274,101568.84,373.13
2021,0019,6,0.7,3901464895,stable-diffusion-v1-5,3.5e-05,297.15,4.77274,101568.84,373.13
2021,0020,9,0.7,3451006910,stable-diffusion-v1-5,3.5e-05,297.15,4.77274,101568.84,373.13
2022,0021,3,0.8,1136457715,stable-diffusion-xl-beta-v2-2-2,2.5e-05,297.88,4.70883,101563.41,369.47
2022,0022,6,0.7,438241892,stable-diffusion-v1-5,2.5e-05,297.88,4.70883,101563.41,369.47
2022,0023,9,0.7,917118258,stable-diffusion-v1-5,2.5e-05,297.88,4.70883,101563.41,369.47
2023,0024,3,0.8,3333183054,stable-diffusion-xl-beta-v2-2-2,2.8e-05,297.23,4.87905,101562.71,364.36
2023,0025,6,0.7,2272622823,stable-diffusion-v1-5,2.8e-05,297.23,4.87905,101562.71,364.36
2023,0026,9,0.7,1305885265,stable-diffusion-v1-5,2.8e-05,297.23,4.87905,101562.71,364.36
2024,0027,3,0.8,651797866,stable-diffusion-xl-beta-v2-2-2,3.4e-05,296.6,5.05749,101634.22,371.96
2024,0028,6,0.7,2554636813,stable-diffusion-v1-5,3.4e-05,296.6,5.05749,101634.22,371.96
2024,0029,9,0.7,3177134219,stable-diffusion-v1-5,3.4e-05,296.6,5.05749,101634.22,371.96
2025,0030,3,0.8,2384233524,stable-diffusion-xl-beta-v2-2-2,2.6e-05,297.39,4.99011,101574.05,373.16
2025,0031,6,0.7,2164036762,stable-diffusion-v1-5,2.6e-05,297.39,4.99011,101574.05,373.16
2025,0032,9,0.7,3630896847,stable-diffusion-v1-5,2.6e-05,297.39,4.99011,101574.05,373.16
2026,0033,3,0.8,1377632517,stable-diffusion-xl-beta-v2-2-2,3.5e-05,297.15,4.99203,101530.43,375.36
2026,0034,6,0.7,3376506378,stable-diffusion-v1-5,3.5e-05,297.15,4.99203,101530.43,375.36
2026,0035,9,0.7,331081865,stable-diffusion-v1-5,3.5e-05,297.15,4.99203,101530.43,375.36
2027,0036,3,0.8,3849173369,stable-diffusion-xl-beta-v2-2-2,5.4e-05,297.17,5.14639,101596.19,378.06
2027,0037,6,0.7,715753181,stable-diffusion-v1-5,5.4e-05,297.17,5.14639,101596.19,378.06
2027,0038,9,0.7,2902237177,stable-diffusion-v1-5,5.4e-05,297.17,5.14639,101596.19,378.06
2028,0039,3,0.8,3839618010,stable-diffusion-xl-beta-v2-2-2,2.1e-05,296.95,5.13137,101582.04,373.67
2028,0040,6,0.7,575281657,stable-diffusion-v1-5,2.1e-05,296.95,5.13137,101582.04,373.67
2028,0041,9,0.7,3596124371,stable-diffusion-v1-5,2.1e-05,296.95,5.13137,101582.04,373.67
2029,0042,3,0.8,4098420794,stable-diffusion-xl-beta-v2-2-2,4.3e-05,296.95,5.14229,101648.88,368.17
2029,0043,6,0.7,4189348893,stable-diffusion-v1-5,4.3e-05,296.95,5.14229,101648.88,368.17
2029,0044,9,0.7,2713249460,stable-diffusion-v1-5,4.3e-05,296.95,5.14229,101648.88,368.17
2030,0045,3,0.8,1276587771,stable-diffusion-xl-beta-v2-2-2,2.7e-05,297.67,5.58025,101528.81,373.65
2030,0046,6,0.7,1850808006,stable-diffusion-v1-5,2.7e-05,297.67,5.58025,101528.81,373.65
2030,0047,9,0.7,1576093232,stable-diffusion-v1-5,2.7e-05,297.67,5.58025,101528.81,373.65
2031,0048,3,0.8,3078835470,stable-diffusion-xl-beta-v2-2-2,3.9e-05,297.7,5.27582,101613.84,374.12
2031,0049,6,0.7,566845905,stable-diffusion-v1-5,3.9e-05,297.7,5.27582,101613.84,374.12
2031,0050,9,0.7,2838683924,stable-diffusion-v1-5,3.9e-05,297.7,5.27582,101613.84,374.12
2032,0051,3,0.8,3841001349,stable-diffusion-xl-beta-v2-2-2,2.1e-05,297.07,5.19271,101605.77,371.69
2032,0052,6,0.7,828603180,stable-diffusion-v1-5,2.1e-05,297.07,5.19271,101605.77,371.69
2032,0053,9,0.7,2164995345,stable-diffusion-v1-5,2.1e-05,297.07,5.19271,101605.77,371.69
2033,0054,3,0.8,3728202939,stable-diffusion-xl-beta-v2-2-2,4.1e-05,296.99,5.30667,101577.03,373.57
2033,0055,6,0.7,1856116210,stable-diffusion-v1-5,4.1e-05,296.99,5.30667,101577.03,373.57
2033,0056,9,0.7,1886817859,stable-diffusion-v1-5,4.1e-05,296.99,5.30667,101577.03,373.57
2034,0057,3,0.8,1752138926,stable-diffusion-xl-beta-v2-2-2,4e-05,297.44,5.29366,101612.32,378.15
2034,0058,6,0.7,2445405191,stable-diffusion-v1-5,4e-05,297.44,5.29366,101612.32,378.15
2034,0059,9,0.7,1219715789,stable-diffusion-v1-5,4e-05,297.44,5.29366,101612.32,378.15
2035,0060,3,0.8,1739271635,stable-diffusion-xl-beta-v2-2-2,3e-05,298.04,5.40704,101481.02,377.01
2035,0061,6,0.7,1766964191,stable-diffusion-v1-5,3e-05,298.04,5.40704,101481.02,377.01
2035,0062,9,0.7,2263191782,stable-diffusion-v1-5,3e-05,298.04,5.40704,101481.02,377.01
2036,0063,3,0.8,897457303,stable-diffusion-xl-beta-v2-2-2,2.2e-05,297.8,5.29954,101673.61,374.46
2036,0064,6,0.7,4022882516,stable-diffusion-v1-5,2.2e-05,297.8,5.29954,101673.61,374.46
2036,0065,9,0.7,2293885323,stable-diffusion-v1-5,2.2e-05,297.8,5.29954,101673.61,374.46
2037,0066,3,0.8,1773857420,stable-diffusion-xl-beta-v2-2-2,3.4e-05,297.76,5.49664,101598.14,371.63
2037,0067,6,0.7,3898796538,stable-diffusion-v1-5,3.4e-05,297.76,5.49664,101598.14,371.63
2037,0068,9,0.7,361414468,stable-diffusion-v1-5,3.4e-05,297.76,5.49664,101598.14,371.63
2038,0069,3,0.8,1440151366,stable-diffusion-xl-beta-v2-2-2,3.4e-05,297.28,5.24463,101620.51,376.51
2038,0070,6,0.7,4013443508,stable-diffusion-v1-5,3.4e-05,297.28,5.24463,101620.51,376.51
2038,0071,9,0.7,1951566042,stable-diffusion-v1-5,3.4e-05,297.28,5.24463,101620.51,376.51
2039,0072,3,0.8,2175701541,stable-diffusion-xl-beta-v2-2-2,2.1e-05,297.79,5.36051,101724.09,378.51
2039,0073,6,0.7,2355744572,stable-diffusion-v1-5,2.1e-05,297.79,5.36051,101724.09,378.51
2039,0074,9,0.7,854371513,stable-diffusion-v1-5,2.1e-05,297.79,5.36051,101724.09,378.51
2040,0075,3,0.8,1596988974,stable-diffusion-xl-beta-v2-2-2,4.6e-05,297.76,5.29794,101582.88,380.7
2040,0076,6,0.7,3101581948,stable-diffusion-v1-5,4.6e-05,297.76,5.29794,101582.88,380.7
2040,0077,9,0.7,1580786803,stable-diffusion-v1-5,4.6e-05,297.76,5.29794,101582.88,380.7
2041,0078,3,0.8,3908745946,stable-diffusion-xl-beta-v2-2-2,3.4e-05,297.58,5.92218,101651.44,382.16
2041,0079,6,0.7,915066620,stable-diffusion-v1-5,3.4e-05,297.58,5.92218,101651.44,382.16
2041,0080,9,0.7,3124311556,stable-diffusion-v1-5,3.4e-05,297.58,5.92218,101651.44,382.16
2042,0081,3,0.8,1457652483,stable-diffusion-xl-beta-v2-2-2,4.2e-05,297.15,5.54013,101674.29,381.34
2042,0082,6,0.7,2049655012,stable-diffusion-v1-5,4.2e-05,297.15,5.54013,101674.29,381.34
2042,0083,9,0.7,2274962155,stable-diffusion-v1-5,4.2e-05,297.15,5.54013,101674.29,381.34
2043,0084,3,0.8,4035475254,stable-diffusion-xl-beta-v2-2-2,2.2e-05,298.6,5.45986,101568.72,378.68
2043,0085,6,0.7,2424951231,stable-diffusion-v1-5,2.2e-05,298.6,5.45986,101568.72,378.68
2043,0086,9,0.7,1215935066,stable-diffusion-v1-5,2.2e-05,298.6,5.45986,101568.72,378.68
2044,0087,3,0.8,2128012127,stable-diffusion-xl-beta-v2-2-2,2.2e-05,298.47,5.05303,101604.24,375.83
2044,0088,6,0.7,81317993,stable-diffusion-v1-5,2.2e-05,298.47,5.05303,101604.24,375.83
2044,0089,9,0.7,4035681743,stable-diffusion-v1-5,2.2e-05,298.47,5.05303,101604.24,375.83
2045,0090,3,0.8,4209555495,stable-diffusion-xl-beta-v2-2-2,4.6e-05,297.73,5.3412,101657.11,381.25
2045,0091,6,0.7,951240854,stable-diffusion-v1-5,4.6e-05,297.73,5.3412,101657.11,381.25
2045,0092,9,0.7,689522021,stable-diffusion-v1-5,4.6e-05,297.73,5.3412,101657.11,381.25
2046,0093,3,0.8,2719197572,stable-diffusion-xl-beta-v2-2-2,3.3e-05,297.85,5.46621,101524.25,380.22
2046,0094,6,0.7,2807339459,stable-diffusion-v1-5,3.3e-05,297.85,5.46621,101524.25,380.22
2046,0095,9,0.7,779963843,stable-diffusion-v1-5,3.3e-05,297.85,5.46621,101524.25,380.22
2047,0096,3,0.8,2749702381,stable-diffusion-xl-beta-v2-2-2,1.9e-05,297.75,5.35042,101579.05,378.89
2047,0097,6,0.7,3967199296,stable-diffusion-v1-5,1.9e-05,297.75,5.35042,101579.05,378.89
2047,0098,9,0.7,533889473,stable-diffusion-v1-5,1.9e-05,297.75,5.35042,101579.05,378.89
2048,0099,3,0.8,1005065516,stable-diffusion-xl-beta-v2-2-2,3.6e-05,297.91,5.46966,101678.15,380.42
2048,0100,6,0.7,1669790582,stable-diffusion-v1-5,3.6e-05,297.91,5.46966,101678.15,380.42
2048,0101,9,0.7,412421970,stable-diffusion-v1-5,3.6e-05,297.91,5.46966,101678.15,380.42
2049,0102,3,0.8,1753932470,stable-diffusion-xl-beta-v2-2-2,2.3e-05,297.72,5.41965,101633.88,379.48
2049,0103,6,0.7,1564851359,stable-diffusion-v1-5,2.3e-05,297.72,5.41965,101633.88,379.48
2049,0104,9,0.7,3464532810,stable-diffusion-v1-5,2.3e-05,297.72,5.41965,101633.88,379.48
2050,0105,3,0.8,3741959386,stable-diffusion-xl-beta-v2-2-2,1.1e-05,298.13,5.37519,101656.35,379.72
2050,0106,6,0.7,3864370653,stable-diffusion-v1-5,1.1e-05,298.13,5.37519,101656.35,379.72
2050,0107,9,0.7,1584882637,stable-diffusion-v1-5,1.1e-05,298.13,5.37519,101656.35,379.72
2051,0108,3,0.8,90192769,stable-diffusion-xl-beta-v2-2-2,2.7e-05,298.85,5.61021,101599.72,380.8
2051,0109,6,0.7,2086384568,stable-diffusion-v1-5,2.7e-05,298.85,5.61021,101599.72,380.8
2051,0110,9,0.7,1270946394,stable-diffusion-v1-5,2.7e-05,298.85,5.61021,101599.72,380.8
2052,0111,3,0.8,3547042509,stable-diffusion-xl-beta-v2-2-2,3.2e-05,298.85,5.50185,101567.79,383.73
2052,0112,6,0.7,943835602,stable-diffusion-v1-5,3.2e-05,298.85,5.50185,101567.79,383.73
2052,0113,9,0.7,2817418772,stable-diffusion-v1-5,3.2e-05,298.85,5.50185,101567.79,383.73
2053,0114,3,0.8,2599769359,stable-diffusion-xl-beta-v2-2-2,2.7e-05,298.71,5.35137,101656.23,385.51
2053,0115,6,0.7,2501282093,stable-diffusion-v1-5,2.7e-05,298.71,5.35137,101656.23,385.51
2053,0116,9,0.7,2883474194,stable-diffusion-v1-5,2.7e-05,298.71,5.35137,101656.23,385.51
2054,0117,3,0.8,2336105769,stable-diffusion-xl-beta-v2-2-2,3.3e-05,298.57,5.60802,101654.61,388.11
2054,0118,6,0.7,2173556769,stable-diffusion-v1-5,3.3e-05,298.57,5.60802,101654.61,388.11
2054,0119,9,0.7,3761600894,stable-diffusion-v1-5,3.3e-05,298.57,5.60802,101654.61,388.11
2055,0120,3,0.8,3649693814,stable-diffusion-xl-beta-v2-2-2,1.7e-05,298.77,5.29955,101605.53,382.94
2055,0121,6,0.7,2531259309,stable-diffusion-v1-5,1.7e-05,298.77,5.29955,101605.53,382.94
2055,0122,9,0.7,3675116380,stable-diffusion-v1-5,1.7e-05,298.77,5.29955,101605.53,382.94
2056,0123,3,0.8,3864695599,stable-diffusion-xl-beta-v2-2-2,2.1e-05,298.34,5.31496,101506.84,385.6
2056,0124,6,0.7,1950312605,stable-diffusion-v1-5,2.1e-05,298.34,5.31496,101506.84,385.6
2056,0125,9,0.7,2476910014,stable-diffusion-v1-5,2.1e-05,298.34,5.31496,101506.84,385.6
2057,0126,3,0.8,2417090207,stable-diffusion-xl-beta-v2-2-2,2e-05,299.16,5.42953,101628.61,379.69
2057,0127,6,0.7,643082396,stable-diffusion-v1-5,2e-05,299.16,5.42953,101628.61,379.69
2057,0128,9,0.7,3971676308,stable-diffusion-v1-5,2e-05,299.16,5.42953,101628.61,379.69
2058,0129,3,0.8,3604724858,stable-diffusion-xl-beta-v2-2-2,1.4e-05,298.64,5.45595,101585.53,386.47
2058,0130,6,0.7,1970037047,stable-diffusion-v1-5,1.4e-05,298.64,5.45595,101585.53,386.47
2058,0131,9,0.7,2222519711,stable-diffusion-v1-5,1.4e-05,298.64,5.45595,101585.53,386.47
2059,0132,3,0.8,374838912,stable-diffusion-xl-beta-v2-2-2,4.4e-05,298.28,5.69807,101659.71,388.0
2059,0133,6,0.7,1017657369,stable-diffusion-v1-5,4.4e-05,298.28,5.69807,101659.71,388.0
2059,0134,9,0.7,3389155635,stable-diffusion-v1-5,4.4e-05,298.28,5.69807,101659.71,388.0
2060,0135,3,0.8,2956639902,stable-diffusion-xl-beta-v2-2-2,3.6e-05,298.9,5.64028,101695.57,384.36
2060,0136,6,0.7,1212756454,stable-diffusion-v1-5,3.6e-05,298.9,5.64028,101695.57,384.36
2060,0137,9,0.7,3782827111,stable-diffusion-v1-5,3.6e-05,298.9,5.64028,101695.57,384.36
2061,0138,3,0.8,3266153766,stable-diffusion-xl-beta-v2-2-2,3.4e-05,298.9,5.45728,101622.81,388.27
2061,0139,6,0.7,3123802859,stable-diffusion-v1-5,3.4e-05,298.9,5.45728,101622.81,388.27
2061,0140,9,0.7,3106088347,stable-diffusion-v1-5,3.4e-05,298.9,5.45728,101622.81,388.27
2062,0141,3,0.8,2063580923,stable-diffusion-xl-beta-v2-2-2,2.9e-05,299.11,5.25291,101606.79,384.24
2062,0142,6,0.7,572539724,stable-diffusion-v1-5,2.9e-05,299.11,5.25291,101606.79,384.24
2062,0143,9,0.7,3100142699,stable-diffusion-v1-5,2.9e-05,299.11,5.25291,101606.79,384.24
2063,0144,3,0.8,3757418452,stable-diffusion-xl-beta-v2-2-2,2.2e-05,298.61,5.30228,101613.26,388.9
2063,0145,6,0.7,2502062908,stable-diffusion-v1-5,2.2e-05,298.61,5.30228,101613.26,388.9
2063,0146,9,0.7,2007952011,stable-diffusion-v1-5,2.2e-05,298.61,5.30228,101613.26,388.9
2064,0147,3,0.8,1497406359,stable-diffusion-xl-beta-v2-2-2,5.3e-05,299.15,5.1801,101605.54,389.69
2064,0148,6,0.7,596374076,stable-diffusion-v1-5,5.3e-05,299.15,5.1801,101605.54,389.69
2064,0149,9,0.7,3791933311,stable-diffusion-v1-5,5.3e-05,299.15,5.1801,101605.54,389.69
2065,0150,3,0.8,2763791965,stable-diffusion-xl-beta-v2-2-2,2.6e-05,299.07,5.47807,101639.3,391.41
2065,0151,6,0.7,1874661394,stable-diffusion-v1-5,2.6e-05,299.07,5.47807,101639.3,391.41
2065,0152,9,0.7,4101243654,stable-diffusion-v1-5,2.6e-05,299.07,5.47807,101639.3,391.41
2066,0153,3,0.8,1725445224,stable-diffusion-xl-beta-v2-2-2,3.6e-05,298.84,5.2168,101716.36,383.75
2066,0154,6,0.7,1210097054,stable-diffusion-v1-5,3.6e-05,298.84,5.2168,101716.36,383.75
2066,0155,9,0.7,4215626334,stable-diffusion-v1-5,3.6e-05,298.84,5.2168,101716.36,383.75
2067,0156,3,0.8,1524850485,stable-diffusion-xl-beta-v2-2-2,2.8e-05,298.81,5.42469,101561.29,394.28
2067,0157,6,0.7,2984331375,stable-diffusion-v1-5,2.8e-05,298.81,5.42469,101561.29,394.28
2067,0158,9,0.7,3037341448,stable-diffusion-v1-5,2.8e-05,298.81,5.42469,101561.29,394.28
2068,0159,3,0.8,962447672,stable-diffusion-xl-beta-v2-2-2,2.5e-05,299.32,5.51751,101633.24,394.56
2068,0160,6,0.7,2933161268,stable-diffusion-v1-5,2.5e-05,299.32,5.51751,101633.24,394.56
2068,0161,9,0.7,1663231178,stable-diffusion-v1-5,2.5e-05,299.32,5.51751,101633.24,394.56
2069,0162,3,0.8,1254009805,stable-diffusion-xl-beta-v2-2-2,4.1e-05,299.69,5.59215,101571.45,394.09
2069,0163,6,0.7,4055265608,stable-diffusion-v1-5,4.1e-05,299.69,5.59215,101571.45,394.09
2069,0164,9,0.7,505671548,stable-diffusion-v1-5,4.1e-05,299.69,5.59215,101571.45,394.09
2070,0165,3,0.8,2160295600,stable-diffusion-xl-beta-v2-2-2,3e-05,299.55,5.31575,101659.79,394.26
2070,0166,6,0.7,3940467751,stable-diffusion-v1-5,3e-05,299.55,5.31575,101659.79,394.26
2070,0167,9,0.7,1653203937,stable-diffusion-v1-5,3e-05,299.55,5.31575,101659.79,394.26
2071,0168,3,0.8,4161804007,stable-diffusion-xl-beta-v2-2-2,3.6e-05,300.4,5.34573,101600.49,391.9
2071,0169,6,0.7,4209832426,stable-diffusion-v1-5,3.6e-05,300.4,5.34573,101600.49,391.9
2071,0170,9,0.7,2319094072,stable-diffusion-v1-5,3.6e-05,300.4,5.34573,101600.49,391.9
2072,0171,3,0.8,995332064,stable-diffusion-xl-beta-v2-2-2,1.5e-05,299.56,5.40202,101556.78,389.95
2072,0172,6,0.7,3382298221,stable-diffusion-v1-5,1.5e-05,299.56,5.40202,101556.78,389.95
2072,0173,9,0.7,4303844,stable-diffusion-v1-5,1.5e-05,299.56,5.40202,101556.78,389.95
2073,0174,3,0.8,2214654520,stable-diffusion-xl-beta-v2-2-2,2.4e-05,299.46,5.23282,101505.36,395.09
2073,0175,6,0.7,1553691143,stable-diffusion-v1-5,2.4e-05,299.46,5.23282,101505.36,395.09
2073,0176,9,0.7,546457291,stable-diffusion-v1-5,2.4e-05,299.46,5.23282,101505.36,395.09
2074,0177,3,0.8,2840841784,stable-diffusion-xl-beta-v2-2-2,2.3e-05,300.07,5.77498,101504.74,397.52
2074,0178,6,0.7,2391307264,stable-diffusion-v1-5,2.3e-05,300.07,5.77498,101504.74,397.52
2074,0179,9,0.7,1192448842,stable-diffusion-v1-5,2.3e-05,300.07,5.77498,101504.74,397.52
2075,0180,3,0.8,341733983,stable-diffusion-xl-beta-v2-2-2,4e-05,299.92,5.4208,101637.93,387.67
2075,0181,6,0.7,3884305551,stable-diffusion-v1-5,4e-05,299.92,5.4208,101637.93,387.67
2075,0182,9,0.7,2233853346,stable-diffusion-v1-5,4e-05,299.92,5.4208,101637.93,387.67
2076,0183,3,0.8,988831784,stable-diffusion-xl-beta-v2-2-2,1.6e-05,299.53,5.38364,101633.7,393.81
2076,0184,6,0.7,980342645,stable-diffusion-v1-5,1.6e-05,299.53,5.38364,101633.7,393.81
2076,0185,9,0.7,2228214141,stable-diffusion-v1-5,1.6e-05,299.53,5.38364,101633.7,393.81
2077,0186,3,0.8,817385856,stable-diffusion-xl-beta-v2-2-2,2.7e-05,299.78,5.56044,101563.03,396.56
2077,0187,6,0.7,2099887256,stable-diffusion-v1-5,2.7e-05,299.78,5.56044,101563.03,396.56
2077,0188,9,0.7,961063200,stable-diffusion-v1-5,2.7e-05,299.78,5.56044,101563.03,396.56
2078,0189,3,0.8,4130460251,stable-diffusion-xl-beta-v2-2-2,2.7e-05,300.18,5.26651,101676.41,398.59
2078,0190,6,0.7,1107381636,stable-diffusion-v1-5,2.7e-05,300.18,5.26651,101676.41,398.59
2078,0191,9,0.7,138345272,stable-diffusion-v1-5,2.7e-05,300.18,5.26651,101676.41,398.59
2079,0192,3,0.8,3072598505,stable-diffusion-xl-beta-v2-2-2,2.5e-05,300.88,5.15731,101571.69,399.63
2079,0193,6,0.7,830942617,stable-diffusion-v1-5,2.5e-05,300.88,5.15731,101571.69,399.63
2079,0194,9,0.7,2838757324,stable-diffusion-v1-5,2.5e-05,300.88,5.15731,101571.69,399.63
2080,0195,3,0.8,1710909891,stable-diffusion-xl-beta-v2-2-2,3.5e-05,299.24,5.53592,101662.07,396.63
2080,0196,6,0.7,867969442,stable-diffusion-v1-5,3.5e-05,299.24,5.53592,101662.07,396.63
2080,0197,9,0.7,2357239337,stable-diffusion-v1-5,3.5e-05,299.24,5.53592,101662.07,396.63
2081,0198,3,0.8,4157368143,stable-diffusion-xl-beta-v2-2-2,3.7e-05,299.68,5.50145,101610.48,401.27
2081,0199,6,0.7,1511180147,stable-diffusion-v1-5,3.7e-05,299.68,5.50145,101610.48,401.27
2081,0200,9,0.7,1508823287,stable-diffusion-v1-5,3.7e-05,299.68,5.50145,101610.48,401.27
2082,0201,3,0.8,4048282706,stable-diffusion-xl-beta-v2-2-2,3.3e-05,300.01,5.40032,101557.67,399.5
2082,0202,6,0.7,1700359905,stable-diffusion-v1-5,3.3e-05,300.01,5.40032,101557.67,399.5
2082,0203,9,0.7,2414276972,stable-diffusion-v1-5,3.3e-05,300.01,5.40032,101557.67,399.5
2083,0204,3,0.8,2229443044,stable-diffusion-xl-beta-v2-2-2,3e-05,299.87,5.25907,101544.63,408.8
2083,0205,6,0.7,2083485138,stable-diffusion-v1-5,3e-05,299.87,5.25907,101544.63,408.8
2083,0206,9,0.7,1961384649,stable-diffusion-v1-5,3e-05,299.87,5.25907,101544.63,408.8
2084,0207,3,0.8,3250330618,stable-diffusion-xl-beta-v2-2-2,3e-05,301.34,5.64122,101708.09,406.16
2084,0208,6,0.7,1270194133,stable-diffusion-v1-5,3e-05,301.34,5.64122,101708.09,406.16
2084,0209,9,0.7,533673218,stable-diffusion-v1-5,3e-05,301.34,5.64122,101708.09,406.16
2085,0210,3,0.8,3026312193,stable-diffusion-xl-beta-v2-2-2,2.2e-05,300.48,5.48874,101617.37,400.08
2085,0211,6,0.7,2186994108,stable-diffusion-v1-5,2.2e-05,300.48,5.48874,101617.37,400.08
2085,0212,9,0.7,4256905860,stable-diffusion-v1-5,2.2e-05,300.48,5.48874,101617.37,400.08
2086,0213,3,0.8,1841810573,stable-diffusion-xl-beta-v2-2-2,2.6e-05,300.8,5.6996,101619.49,394.92
2086,0214,6,0.7,894187315,stable-diffusion-v1-5,2.6e-05,300.8,5.6996,101619.49,394.92
2086,0215,9,0.7,4244015972,stable-diffusion-v1-5,2.6e-05,300.8,5.6996,101619.49,394.92
2087,0216,3,0.8,2084344399,stable-diffusion-xl-beta-v2-2-2,5.7e-05,301.7,5.28667,101700.04,402.54
2087,0217,6,0.7,322303559,stable-diffusion-v1-5,5.7e-05,301.7,5.28667,101700.04,402.54
2087,0218,9,0.7,290989843,stable-diffusion-v1-5,5.7e-05,301.7,5.28667,101700.04,402.54
2088,0219,3,0.8,3730030852,stable-diffusion-xl-beta-v2-2-2,1.6e-05,300.95,5.28111,101572.55,407.52
2088,0220,6,0.7,105588753,stable-diffusion-v1-5,1.6e-05,300.95,5.28111,101572.55,407.52
2088,0221,9,0.7,1333558922,stable-diffusion-v1-5,1.6e-05,300.95,5.28111,101572.55,407.52
2089,0222,3,0.8,4025522657,stable-diffusion-xl-beta-v2-2-2,3.6e-05,301.46,5.23821,101619.07,406.89
2089,0223,6,0.7,1388960685,stable-diffusion-v1-5,3.6e-05,301.46,5.23821,101619.07,406.89
2089,0224,9,0.7,2692845979,stable-diffusion-v1-5,3.6e-05,301.46,5.23821,101619.07,406.89
2090,0225,3,0.8,54494162,stable-diffusion-xl-beta-v2-2-2,1.9e-05,301.41,5.43673,101578.99,405.39
2090,0226,6,0.7,3164275250,stable-diffusion-v1-5,1.9e-05,301.41,5.43673,101578.99,405.39
2090,0227,9,0.7,1615031514,stable-diffusion-v1-5,1.9e-05,301.41,5.43673,101578.99,405.39
2091,0228,3,0.8,616730954,stable-diffusion-xl-beta-v2-2-2,3.1e-05,301.34,5.38027,101574.2,411.26
2091,0229,6,0.7,243671132,stable-diffusion-v1-5,3.1e-05,301.34,5.38027,101574.2,411.26
2092,0230,3,0.8,2164178708,stable-diffusion-xl-beta-v2-2-2,3.7e-05,301.09,5.05689,101638.23,403.8
2092,0231,6,0.7,1479398356,stable-diffusion-v1-5,3.7e-05,301.09,5.05689,101638.23,403.8
2092,0232,9,0.7,3535765943,stable-diffusion-v1-5,3.7e-05,301.09,5.05689,101638.23,403.8
2093,0233,3,0.8,717448854,stable-diffusion-xl-beta-v2-2-2,2.4e-05,300.77,5.47437,101503.62,407.1
2093,0234,6,0.7,1503114766,stable-diffusion-v1-5,2.4e-05,300.77,5.47437,101503.62,407.1
2093,0235,9,0.7,3114101977,stable-diffusion-v1-5,2.4e-05,300.77,5.47437,101503.62,407.1
2094,0236,3,0.8,3874060938,stable-diffusion-xl-beta-v2-2-2,1.3e-05,301.31,5.45339,101649.41,409.07
2094,0237,6,0.7,1433358424,stable-diffusion-v1-5,1.3e-05,301.31,5.45339,101649.41,409.07
2094,0238,9,0.7,1512875961,stable-diffusion-v1-5,1.3e-05,301.31,5.45339,101649.41,409.07
2095,0239,3,0.8,3952435360,stable-diffusion-xl-beta-v2-2-2,2.1e-05,300.96,5.35202,101568.51,412.11
2095,0240,6,0.7,4215012608,stable-diffusion-v1-5,2.1e-05,300.96,5.35202,101568.51,412.11
2095,0241,9,0.7,2191836310,stable-diffusion-v1-5,2.1e-05,300.96,5.35202,101568.51,412.11
2096,0242,3,0.8,2286243682,stable-diffusion-xl-beta-v2-2-2,3.6e-05,301.17,5.23931,101531.82,406.34
2096,0243,6,0.7,3769261500,stable-diffusion-v1-5,3.6e-05,301.17,5.23931,101531.82,406.34
2096,0244,9,0.7,3997304911,stable-diffusion-v1-5,3.6e-05,301.17,5.23931,101531.82,406.34
2097,0245,3,0.8,2063622091,stable-diffusion-xl-beta-v2-2-2,2.4e-05,300.94,5.79669,101575.61,406.99
2097,0246,6,0.7,3577600167,stable-diffusion-v1-5,2.4e-05,300.94,5.79669,101575.61,406.99
2097,0247,9,0.7,2996328683,stable-diffusion-v1-5,2.4e-05,300.94,5.79669,101575.61,406.99
2098,0248,3,0.8,1701481827,stable-diffusion-xl-beta-v2-2-2,2.4e-05,301.07,5.05707,101614.67,411.6
2098,0249,6,0.7,222078151,stable-diffusion-v1-5,2.4e-05,301.07,5.05707,101614.67,411.6
2098,0250,9,0.7,3213407591,stable-diffusion-v1-5,2.4e-05,301.07,5.05707,101614.67,411.6
2099,0251,3,0.8,1805575864,stable-diffusion-xl-beta-v2-2-2,2e-05,301.61,5.35595,101544.84,405.92
2099,0252,6,0.7,1130824240,stable-diffusion-v1-5,2e-05,301.61,5.35595,101544.84,405.92
2099,0253,9,0.7,1084439719,stable-diffusion-v1-5,2e-05,301.61,5.35595,101544.84,405.92
2100,0254,3,0.8,4059614245,stable-diffusion-xl-beta-v2-2-2,2.2e-05,301.82,5.70565,101587.07,417.54
2100,0255,6,0.7,3171585857,stable-diffusion-v1-5,2.2e-05,301.82,5.70565,101587.07,417.54
2100,0256,9,0.7,3169836034,stable-diffusion-v1-5,2.2e-05,301.82,5.70565,101587.07,417.54
